2025-05-24T11:03:54.721-05:00  INFO 64432 --- [Matricula] [main] com.matricula.MatriculaApplication       : Starting MatriculaApplication using Java 23.0.2 with PID 64432 (D:\My Drive\Isil\Ciclo IV\Proyecto Tecnologico\Proyectos\Matricula\target\classes started by jaimi in D:\My Drive\Isil\Ciclo IV\Proyecto Tecnologico\Proyectos\Matricula)
2025-05-24T11:03:54.739-05:00 DEBUG 64432 --- [Matricula] [main] com.matricula.MatriculaApplication       : Running with Spring Boot v3.4.4, Spring v6.2.5
2025-05-24T11:03:54.741-05:00  INFO 64432 --- [Matricula] [main] com.matricula.MatriculaApplication       : The following 1 profile is active: "dev"
2025-05-24T11:03:55.421-05:00  INFO 64432 --- [Matricula] [main] .s.d.r.c.RepositoryConfigurationDelegate : Bootstrapping Spring Data JPA repositories in DEFAULT mode.
2025-05-24T11:03:55.503-05:00  INFO 64432 --- [Matricula] [main] .s.d.r.c.RepositoryConfigurationDelegate : Finished Spring Data repository scanning in 74 ms. Found 2 JPA repository interfaces.
2025-05-24T11:03:55.989-05:00  INFO 64432 --- [Matricula] [main] o.s.b.w.embedded.tomcat.TomcatWebServer  : Tomcat initialized with port 8080 (http)
2025-05-24T11:03:56.003-05:00  INFO 64432 --- [Matricula] [main] o.apache.catalina.core.StandardService   : Starting service [Tomcat]
2025-05-24T11:03:56.003-05:00  INFO 64432 --- [Matricula] [main] o.apache.catalina.core.StandardEngine    : Starting Servlet engine: [Apache Tomcat/10.1.39]
2025-05-24T11:03:56.050-05:00  INFO 64432 --- [Matricula] [main] o.a.c.c.C.[Tomcat].[localhost].[/]       : Initializing Spring embedded WebApplicationContext
2025-05-24T11:03:56.051-05:00  INFO 64432 --- [Matricula] [main] w.s.c.ServletWebServerApplicationContext : Root WebApplicationContext: initialization completed in 1261 ms
2025-05-24T11:03:56.267-05:00  INFO 64432 --- [Matricula] [main] o.hibernate.jpa.internal.util.LogHelper  : HHH000204: Processing PersistenceUnitInfo [name: default]
2025-05-24T11:03:56.343-05:00  INFO 64432 --- [Matricula] [main] org.hibernate.Version                    : HHH000412: Hibernate ORM core version 6.6.11.Final
2025-05-24T11:03:56.388-05:00  INFO 64432 --- [Matricula] [main] o.h.c.internal.RegionFactoryInitiator    : HHH000026: Second-level cache disabled
2025-05-24T11:03:56.725-05:00  INFO 64432 --- [Matricula] [main] o.s.o.j.p.SpringPersistenceUnitInfo      : No LoadTimeWeaver setup: ignoring JPA class transformer
2025-05-24T11:03:56.764-05:00  INFO 64432 --- [Matricula] [main] com.zaxxer.hikari.HikariDataSource       : HikariPool-1 - Starting...
2025-05-24T11:03:57.054-05:00  INFO 64432 --- [Matricula] [main] com.zaxxer.hikari.pool.HikariPool        : HikariPool-1 - Added connection ConnectionID:1 ClientConnectionId: 19dfc3f2-d91e-4f7c-acc8-90454a6abe00
2025-05-24T11:03:57.056-05:00  INFO 64432 --- [Matricula] [main] com.zaxxer.hikari.HikariDataSource       : HikariPool-1 - Start completed.
2025-05-24T11:03:57.149-05:00  INFO 64432 --- [Matricula] [main] org.hibernate.orm.connections.pooling    : HHH10001005: Database info:
	Database JDBC URL [Connecting through datasource 'HikariDataSource (HikariPool-1)']
	Database driver: undefined/unknown
	Database version: 16.0
	Autocommit mode: undefined/unknown
	Isolation level: undefined/unknown
	Minimum pool size: undefined/unknown
	Maximum pool size: undefined/unknown
2025-05-24T11:03:58.060-05:00  INFO 64432 --- [Matricula] [main] o.h.e.t.j.p.i.JtaPlatformInitiator       : HHH000489: No JTA platform available (set 'hibernate.transaction.jta.platform' to enable JTA platform integration)
2025-05-24T11:03:58.367-05:00  INFO 64432 --- [Matricula] [main] j.LocalContainerEntityManagerFactoryBean : Initialized JPA EntityManagerFactory for persistence unit 'default'
2025-05-24T11:03:58.669-05:00  WARN 64432 --- [Matricula] [main] JpaBaseConfiguration$JpaWebConfiguration : spring.jpa.open-in-view is enabled by default. Therefore, database queries may be performed during view rendering. Explicitly configure spring.jpa.open-in-view to disable this warning
2025-05-24T11:03:58.689-05:00  INFO 64432 --- [Matricula] [main] eAuthenticationProviderManagerConfigurer : Global AuthenticationManager configured with AuthenticationProvider bean with name authenticationProvider
2025-05-24T11:03:58.690-05:00  WARN 64432 --- [Matricula] [main] r$InitializeUserDetailsManagerConfigurer : Global AuthenticationManager configured with an AuthenticationProvider bean. UserDetailsService beans will not be used by Spring Security for automatically configuring username/password login. Consider removing the AuthenticationProvider bean. Alternatively, consider using the UserDetailsService in a manually instantiated DaoAuthenticationProvider. If the current configuration is intentional, to turn off this warning, increase the logging level of 'org.springframework.security.config.annotation.authentication.configuration.InitializeUserDetailsBeanManagerConfigurer' to ERROR
2025-05-24T11:03:58.910-05:00 DEBUG 64432 --- [Matricula] [main] o.s.s.web.DefaultSecurityFilterChain     : Will secure any request with filters: DisableEncodeUrlFilter, WebAsyncManagerIntegrationFilter, SecurityContextHolderFilter, HeaderWriterFilter, CsrfFilter, LogoutFilter, UsernamePasswordAuthenticationFilter, RequestCacheAwareFilter, SecurityContextHolderAwareRequestFilter, AnonymousAuthenticationFilter, ExceptionTranslationFilter, AuthorizationFilter
2025-05-24T11:03:59.124-05:00  INFO 64432 --- [Matricula] [main] o.s.b.w.embedded.tomcat.TomcatWebServer  : Tomcat started on port 8080 (http) with context path '/'
2025-05-24T11:03:59.130-05:00  INFO 64432 --- [Matricula] [main] com.matricula.MatriculaApplication       : Started MatriculaApplication in 4.83 seconds (process running for 5.965)
2025-05-24T11:04:06.048-05:00  INFO 64432 --- [Matricula] [http-nio-8080-exec-1] o.a.c.c.C.[Tomcat].[localhost].[/]       : Initializing Spring DispatcherServlet 'dispatcherServlet'
2025-05-24T11:04:06.048-05:00  INFO 64432 --- [Matricula] [http-nio-8080-exec-1] o.s.web.servlet.DispatcherServlet        : Initializing Servlet 'dispatcherServlet'
2025-05-24T11:04:06.049-05:00  INFO 64432 --- [Matricula] [http-nio-8080-exec-1] o.s.web.servlet.DispatcherServlet        : Completed initialization in 0 ms
2025-05-24T11:04:06.069-05:00 DEBUG 64432 --- [Matricula] [http-nio-8080-exec-1] o.s.security.web.FilterChainProxy        : Securing GET /inicio
2025-05-24T11:04:06.078-05:00 DEBUG 64432 --- [Matricula] [http-nio-8080-exec-1] o.s.s.w.a.AnonymousAuthenticationFilter  : Set SecurityContextHolder to anonymous SecurityContext
2025-05-24T11:04:06.095-05:00 DEBUG 64432 --- [Matricula] [http-nio-8080-exec-1] o.s.s.w.s.HttpSessionRequestCache        : Saved request http://localhost:8080/inicio?continue to session
2025-05-24T11:04:06.096-05:00 DEBUG 64432 --- [Matricula] [http-nio-8080-exec-1] o.s.s.web.DefaultRedirectStrategy        : Redirecting to http://localhost:8080/login
2025-05-24T11:04:06.102-05:00 DEBUG 64432 --- [Matricula] [http-nio-8080-exec-2] o.s.security.web.FilterChainProxy        : Securing GET /login
2025-05-24T11:04:06.103-05:00 DEBUG 64432 --- [Matricula] [http-nio-8080-exec-2] o.s.security.web.FilterChainProxy        : Secured GET /login
2025-05-24T11:04:06.388-05:00 DEBUG 64432 --- [Matricula] [http-nio-8080-exec-2] o.s.s.w.a.AnonymousAuthenticationFilter  : Set SecurityContextHolder to anonymous SecurityContext
2025-05-24T11:04:06.395-05:00 DEBUG 64432 --- [Matricula] [http-nio-8080-exec-3] o.s.security.web.FilterChainProxy        : Securing GET /css/style.css
2025-05-24T11:04:06.396-05:00 DEBUG 64432 --- [Matricula] [http-nio-8080-exec-3] o.s.security.web.FilterChainProxy        : Secured GET /css/style.css
2025-05-24T11:04:06.409-05:00 DEBUG 64432 --- [Matricula] [http-nio-8080-exec-3] o.s.s.w.a.AnonymousAuthenticationFilter  : Set SecurityContextHolder to anonymous SecurityContext
2025-05-24T11:04:07.250-05:00 DEBUG 64432 --- [Matricula] [http-nio-8080-exec-4] o.s.security.web.FilterChainProxy        : Securing GET /favicon.ico
2025-05-24T11:04:07.251-05:00 DEBUG 64432 --- [Matricula] [http-nio-8080-exec-4] o.s.security.web.FilterChainProxy        : Secured GET /favicon.ico
2025-05-24T11:04:07.259-05:00 DEBUG 64432 --- [Matricula] [http-nio-8080-exec-4] o.s.s.w.a.AnonymousAuthenticationFilter  : Set SecurityContextHolder to anonymous SecurityContext
2025-05-24T11:04:07.264-05:00 DEBUG 64432 --- [Matricula] [http-nio-8080-exec-4] o.s.security.web.FilterChainProxy        : Securing GET /error
2025-05-24T11:04:07.266-05:00 DEBUG 64432 --- [Matricula] [http-nio-8080-exec-4] o.s.s.w.a.AnonymousAuthenticationFilter  : Set SecurityContextHolder to anonymous SecurityContext
2025-05-24T11:04:07.267-05:00 DEBUG 64432 --- [Matricula] [http-nio-8080-exec-4] o.s.s.w.s.HttpSessionRequestCache        : Saved request http://localhost:8080/error?continue to session
2025-05-24T11:04:07.267-05:00 DEBUG 64432 --- [Matricula] [http-nio-8080-exec-4] o.s.s.web.DefaultRedirectStrategy        : Redirecting to http://localhost:8080/login
2025-05-24T11:04:07.273-05:00 DEBUG 64432 --- [Matricula] [http-nio-8080-exec-5] o.s.security.web.FilterChainProxy        : Securing GET /login
2025-05-24T11:04:07.274-05:00 DEBUG 64432 --- [Matricula] [http-nio-8080-exec-5] o.s.security.web.FilterChainProxy        : Secured GET /login
2025-05-24T11:04:07.278-05:00 DEBUG 64432 --- [Matricula] [http-nio-8080-exec-5] o.s.s.w.a.AnonymousAuthenticationFilter  : Set SecurityContextHolder to anonymous SecurityContext
2025-05-24T11:04:11.703-05:00 DEBUG 64432 --- [Matricula] [http-nio-8080-exec-6] o.s.security.web.FilterChainProxy        : Securing POST /login
2025-05-24T11:04:11.840-05:00 DEBUG 64432 --- [Matricula] [http-nio-8080-exec-6] o.s.s.a.dao.DaoAuthenticationProvider    : Authenticated user
2025-05-24T11:04:11.841-05:00 DEBUG 64432 --- [Matricula] [http-nio-8080-exec-6] .s.ChangeSessionIdAuthenticationStrategy : Changed session id from 7DE56FBCE1FE3AF118493231298AEE8A
2025-05-24T11:04:11.842-05:00 DEBUG 64432 --- [Matricula] [http-nio-8080-exec-6] o.s.s.w.csrf.CsrfAuthenticationStrategy  : Replaced CSRF Token
2025-05-24T11:04:11.842-05:00 DEBUG 64432 --- [Matricula] [http-nio-8080-exec-6] w.c.HttpSessionSecurityContextRepository : Stored SecurityContextImpl [Authentication=UsernamePasswordAuthenticationToken [Principal=org.springframework.security.core.userdetails.User [Username=admin, Password=[PROTECTED], Enabled=true, AccountNonExpired=true, CredentialsNonExpired=true, AccountNonLocked=true, Granted Authorities=[ROLE_USER]], Credentials=[PROTECTED], Authenticated=true, Details=WebAuthenticationDetails [RemoteIpAddress=0:0:0:0:0:0:0:1, SessionId=7DE56FBCE1FE3AF118493231298AEE8A], Granted Authorities=[ROLE_USER]]] to HttpSession [org.apache.catalina.session.StandardSessionFacade@2829ebe3]
2025-05-24T11:04:11.843-05:00 DEBUG 64432 --- [Matricula] [http-nio-8080-exec-6] w.a.UsernamePasswordAuthenticationFilter : Set SecurityContextHolder to UsernamePasswordAuthenticationToken [Principal=org.springframework.security.core.userdetails.User [Username=admin, Password=[PROTECTED], Enabled=true, AccountNonExpired=true, CredentialsNonExpired=true, AccountNonLocked=true, Granted Authorities=[ROLE_USER]], Credentials=[PROTECTED], Authenticated=true, Details=WebAuthenticationDetails [RemoteIpAddress=0:0:0:0:0:0:0:1, SessionId=7DE56FBCE1FE3AF118493231298AEE8A], Granted Authorities=[ROLE_USER]]
2025-05-24T11:04:11.843-05:00 DEBUG 64432 --- [Matricula] [http-nio-8080-exec-6] o.s.s.web.DefaultRedirectStrategy        : Redirecting to /inicio
2025-05-24T11:04:11.847-05:00 DEBUG 64432 --- [Matricula] [http-nio-8080-exec-7] o.s.security.web.FilterChainProxy        : Securing GET /inicio
2025-05-24T11:04:11.848-05:00 DEBUG 64432 --- [Matricula] [http-nio-8080-exec-7] w.c.HttpSessionSecurityContextRepository : Retrieved SecurityContextImpl [Authentication=UsernamePasswordAuthenticationToken [Principal=org.springframework.security.core.userdetails.User [Username=admin, Password=[PROTECTED], Enabled=true, AccountNonExpired=true, CredentialsNonExpired=true, AccountNonLocked=true, Granted Authorities=[ROLE_USER]], Credentials=[PROTECTED], Authenticated=true, Details=WebAuthenticationDetails [RemoteIpAddress=0:0:0:0:0:0:0:1, SessionId=7DE56FBCE1FE3AF118493231298AEE8A], Granted Authorities=[ROLE_USER]]]
2025-05-24T11:04:11.848-05:00 DEBUG 64432 --- [Matricula] [http-nio-8080-exec-7] o.s.security.web.FilterChainProxy        : Secured GET /inicio
2025-05-24T11:04:11.867-05:00 DEBUG 64432 --- [Matricula] [http-nio-8080-exec-8] o.s.security.web.FilterChainProxy        : Securing GET /css/style.css
2025-05-24T11:04:11.867-05:00 DEBUG 64432 --- [Matricula] [http-nio-8080-exec-8] o.s.security.web.FilterChainProxy        : Secured GET /css/style.css
2025-05-24T11:04:11.874-05:00 DEBUG 64432 --- [Matricula] [http-nio-8080-exec-8] w.c.HttpSessionSecurityContextRepository : Retrieved SecurityContextImpl [Authentication=UsernamePasswordAuthenticationToken [Principal=org.springframework.security.core.userdetails.User [Username=admin, Password=[PROTECTED], Enabled=true, AccountNonExpired=true, CredentialsNonExpired=true, AccountNonLocked=true, Granted Authorities=[ROLE_USER]], Credentials=[PROTECTED], Authenticated=true, Details=WebAuthenticationDetails [RemoteIpAddress=0:0:0:0:0:0:0:1, SessionId=7DE56FBCE1FE3AF118493231298AEE8A], Granted Authorities=[ROLE_USER]]]
2025-05-24T11:04:11.903-05:00 DEBUG 64432 --- [Matricula] [http-nio-8080-exec-9] o.s.security.web.FilterChainProxy        : Securing GET /favicon.ico
2025-05-24T11:04:11.903-05:00 DEBUG 64432 --- [Matricula] [http-nio-8080-exec-9] o.s.security.web.FilterChainProxy        : Secured GET /favicon.ico
2025-05-24T11:04:11.907-05:00 DEBUG 64432 --- [Matricula] [http-nio-8080-exec-9] w.c.HttpSessionSecurityContextRepository : Retrieved SecurityContextImpl [Authentication=UsernamePasswordAuthenticationToken [Principal=org.springframework.security.core.userdetails.User [Username=admin, Password=[PROTECTED], Enabled=true, AccountNonExpired=true, CredentialsNonExpired=true, AccountNonLocked=true, Granted Authorities=[ROLE_USER]], Credentials=[PROTECTED], Authenticated=true, Details=WebAuthenticationDetails [RemoteIpAddress=0:0:0:0:0:0:0:1, SessionId=7DE56FBCE1FE3AF118493231298AEE8A], Granted Authorities=[ROLE_USER]]]
2025-05-24T11:04:11.908-05:00 DEBUG 64432 --- [Matricula] [http-nio-8080-exec-9] o.s.security.web.FilterChainProxy        : Securing GET /error
2025-05-24T11:04:11.908-05:00 DEBUG 64432 --- [Matricula] [http-nio-8080-exec-9] w.c.HttpSessionSecurityContextRepository : Retrieved SecurityContextImpl [Authentication=UsernamePasswordAuthenticationToken [Principal=org.springframework.security.core.userdetails.User [Username=admin, Password=[PROTECTED], Enabled=true, AccountNonExpired=true, CredentialsNonExpired=true, AccountNonLocked=true, Granted Authorities=[ROLE_USER]], Credentials=[PROTECTED], Authenticated=true, Details=WebAuthenticationDetails [RemoteIpAddress=0:0:0:0:0:0:0:1, SessionId=7DE56FBCE1FE3AF118493231298AEE8A], Granted Authorities=[ROLE_USER]]]
2025-05-24T11:04:11.908-05:00 DEBUG 64432 --- [Matricula] [http-nio-8080-exec-9] o.s.security.web.FilterChainProxy        : Secured GET /error
2025-05-24T11:06:25.470-05:00  INFO 64432 --- [Matricula] [SpringApplicationShutdownHook] o.s.b.w.e.tomcat.GracefulShutdown        : Commencing graceful shutdown. Waiting for active requests to complete
2025-05-24T11:06:25.475-05:00  INFO 64432 --- [Matricula] [tomcat-shutdown] o.s.b.w.e.tomcat.GracefulShutdown        : Graceful shutdown complete
2025-05-24T11:06:25.479-05:00  INFO 64432 --- [Matricula] [SpringApplicationShutdownHook] j.LocalContainerEntityManagerFactoryBean : Closing JPA EntityManagerFactory for persistence unit 'default'
2025-05-24T11:06:25.480-05:00  INFO 64432 --- [Matricula] [SpringApplicationShutdownHook] com.zaxxer.hikari.HikariDataSource       : HikariPool-1 - Shutdown initiated...
2025-05-24T11:06:25.483-05:00  INFO 64432 --- [Matricula] [SpringApplicationShutdownHook] com.zaxxer.hikari.HikariDataSource       : HikariPool-1 - Shutdown completed.
2025-05-24T17:32:32.337-05:00  INFO 29428 --- [Matricula] [main] com.matricula.MatriculaApplication       : Starting MatriculaApplication using Java 23.0.2 with PID 29428 (D:\My Drive\Isil\Ciclo IV\Proyecto Tecnologico\Proyectos\Matricula\target\classes started by jaimi in D:\My Drive\Isil\Ciclo IV\Proyecto Tecnologico\Proyectos\Matricula)
2025-05-24T17:32:32.341-05:00 DEBUG 29428 --- [Matricula] [main] com.matricula.MatriculaApplication       : Running with Spring Boot v3.4.4, Spring v6.2.5
2025-05-24T17:32:32.342-05:00  INFO 29428 --- [Matricula] [main] com.matricula.MatriculaApplication       : The following 1 profile is active: "dev"
2025-05-24T17:32:32.980-05:00  INFO 29428 --- [Matricula] [main] .s.d.r.c.RepositoryConfigurationDelegate : Bootstrapping Spring Data JPA repositories in DEFAULT mode.
2025-05-24T17:32:33.060-05:00  INFO 29428 --- [Matricula] [main] .s.d.r.c.RepositoryConfigurationDelegate : Finished Spring Data repository scanning in 73 ms. Found 2 JPA repository interfaces.
2025-05-24T17:32:33.518-05:00  INFO 29428 --- [Matricula] [main] o.s.b.w.embedded.tomcat.TomcatWebServer  : Tomcat initialized with port 8080 (http)
2025-05-24T17:32:33.530-05:00  INFO 29428 --- [Matricula] [main] o.apache.catalina.core.StandardService   : Starting service [Tomcat]
2025-05-24T17:32:33.530-05:00  INFO 29428 --- [Matricula] [main] o.apache.catalina.core.StandardEngine    : Starting Servlet engine: [Apache Tomcat/10.1.39]
2025-05-24T17:32:33.573-05:00  INFO 29428 --- [Matricula] [main] o.a.c.c.C.[Tomcat].[localhost].[/]       : Initializing Spring embedded WebApplicationContext
2025-05-24T17:32:33.573-05:00  INFO 29428 --- [Matricula] [main] w.s.c.ServletWebServerApplicationContext : Root WebApplicationContext: initialization completed in 1188 ms
2025-05-24T17:32:33.760-05:00  INFO 29428 --- [Matricula] [main] o.hibernate.jpa.internal.util.LogHelper  : HHH000204: Processing PersistenceUnitInfo [name: default]
2025-05-24T17:32:33.828-05:00  INFO 29428 --- [Matricula] [main] org.hibernate.Version                    : HHH000412: Hibernate ORM core version 6.6.11.Final
2025-05-24T17:32:33.863-05:00  INFO 29428 --- [Matricula] [main] o.h.c.internal.RegionFactoryInitiator    : HHH000026: Second-level cache disabled
2025-05-24T17:32:34.154-05:00  INFO 29428 --- [Matricula] [main] o.s.o.j.p.SpringPersistenceUnitInfo      : No LoadTimeWeaver setup: ignoring JPA class transformer
2025-05-24T17:32:34.185-05:00  INFO 29428 --- [Matricula] [main] com.zaxxer.hikari.HikariDataSource       : HikariPool-1 - Starting...
2025-05-24T17:32:34.427-05:00  INFO 29428 --- [Matricula] [main] com.zaxxer.hikari.pool.HikariPool        : HikariPool-1 - Added connection ConnectionID:1 ClientConnectionId: 3492c9f8-ea80-4659-9187-335afc9d9ca3
2025-05-24T17:32:34.429-05:00  INFO 29428 --- [Matricula] [main] com.zaxxer.hikari.HikariDataSource       : HikariPool-1 - Start completed.
2025-05-24T17:32:34.509-05:00  INFO 29428 --- [Matricula] [main] org.hibernate.orm.connections.pooling    : HHH10001005: Database info:
	Database JDBC URL [Connecting through datasource 'HikariDataSource (HikariPool-1)']
	Database driver: undefined/unknown
	Database version: 16.0
	Autocommit mode: undefined/unknown
	Isolation level: undefined/unknown
	Minimum pool size: undefined/unknown
	Maximum pool size: undefined/unknown
2025-05-24T17:32:35.343-05:00  INFO 29428 --- [Matricula] [main] o.h.e.t.j.p.i.JtaPlatformInitiator       : HHH000489: No JTA platform available (set 'hibernate.transaction.jta.platform' to enable JTA platform integration)
2025-05-24T17:32:35.646-05:00  INFO 29428 --- [Matricula] [main] j.LocalContainerEntityManagerFactoryBean : Initialized JPA EntityManagerFactory for persistence unit 'default'
2025-05-24T17:32:35.922-05:00  WARN 29428 --- [Matricula] [main] JpaBaseConfiguration$JpaWebConfiguration : spring.jpa.open-in-view is enabled by default. Therefore, database queries may be performed during view rendering. Explicitly configure spring.jpa.open-in-view to disable this warning
2025-05-24T17:32:35.942-05:00  INFO 29428 --- [Matricula] [main] eAuthenticationProviderManagerConfigurer : Global AuthenticationManager configured with AuthenticationProvider bean with name authenticationProvider
2025-05-24T17:32:35.942-05:00  WARN 29428 --- [Matricula] [main] r$InitializeUserDetailsManagerConfigurer : Global AuthenticationManager configured with an AuthenticationProvider bean. UserDetailsService beans will not be used by Spring Security for automatically configuring username/password login. Consider removing the AuthenticationProvider bean. Alternatively, consider using the UserDetailsService in a manually instantiated DaoAuthenticationProvider. If the current configuration is intentional, to turn off this warning, increase the logging level of 'org.springframework.security.config.annotation.authentication.configuration.InitializeUserDetailsBeanManagerConfigurer' to ERROR
2025-05-24T17:32:36.143-05:00 DEBUG 29428 --- [Matricula] [main] o.s.s.web.DefaultSecurityFilterChain     : Will secure any request with filters: DisableEncodeUrlFilter, WebAsyncManagerIntegrationFilter, SecurityContextHolderFilter, HeaderWriterFilter, CsrfFilter, LogoutFilter, UsernamePasswordAuthenticationFilter, RequestCacheAwareFilter, SecurityContextHolderAwareRequestFilter, AnonymousAuthenticationFilter, ExceptionTranslationFilter, AuthorizationFilter
2025-05-24T17:32:36.347-05:00  INFO 29428 --- [Matricula] [main] o.s.b.w.embedded.tomcat.TomcatWebServer  : Tomcat started on port 8080 (http) with context path '/'
2025-05-24T17:32:36.353-05:00  INFO 29428 --- [Matricula] [main] com.matricula.MatriculaApplication       : Started MatriculaApplication in 4.451 seconds (process running for 4.965)
2025-05-24T17:32:41.896-05:00  INFO 29428 --- [Matricula] [http-nio-8080-exec-1] o.a.c.c.C.[Tomcat].[localhost].[/]       : Initializing Spring DispatcherServlet 'dispatcherServlet'
2025-05-24T17:32:41.896-05:00  INFO 29428 --- [Matricula] [http-nio-8080-exec-1] o.s.web.servlet.DispatcherServlet        : Initializing Servlet 'dispatcherServlet'
2025-05-24T17:32:41.897-05:00  INFO 29428 --- [Matricula] [http-nio-8080-exec-1] o.s.web.servlet.DispatcherServlet        : Completed initialization in 0 ms
2025-05-24T17:32:41.916-05:00 DEBUG 29428 --- [Matricula] [http-nio-8080-exec-1] o.s.security.web.FilterChainProxy        : Securing GET /inicio
2025-05-24T17:32:41.927-05:00 DEBUG 29428 --- [Matricula] [http-nio-8080-exec-1] o.s.s.w.a.AnonymousAuthenticationFilter  : Set SecurityContextHolder to anonymous SecurityContext
2025-05-24T17:32:41.945-05:00 DEBUG 29428 --- [Matricula] [http-nio-8080-exec-1] o.s.s.w.s.HttpSessionRequestCache        : Saved request http://localhost:8080/inicio?continue to session
2025-05-24T17:32:41.945-05:00 DEBUG 29428 --- [Matricula] [http-nio-8080-exec-1] o.s.s.web.DefaultRedirectStrategy        : Redirecting to http://localhost:8080/login
2025-05-24T17:32:41.950-05:00 DEBUG 29428 --- [Matricula] [http-nio-8080-exec-2] o.s.security.web.FilterChainProxy        : Securing GET /login
2025-05-24T17:32:41.950-05:00 DEBUG 29428 --- [Matricula] [http-nio-8080-exec-2] o.s.security.web.FilterChainProxy        : Secured GET /login
2025-05-24T17:32:42.216-05:00 DEBUG 29428 --- [Matricula] [http-nio-8080-exec-2] o.s.s.w.a.AnonymousAuthenticationFilter  : Set SecurityContextHolder to anonymous SecurityContext
2025-05-24T17:32:42.224-05:00 DEBUG 29428 --- [Matricula] [http-nio-8080-exec-3] o.s.security.web.FilterChainProxy        : Securing GET /css/style.css
2025-05-24T17:32:42.225-05:00 DEBUG 29428 --- [Matricula] [http-nio-8080-exec-3] o.s.security.web.FilterChainProxy        : Secured GET /css/style.css
2025-05-24T17:32:42.236-05:00 DEBUG 29428 --- [Matricula] [http-nio-8080-exec-3] o.s.s.w.a.AnonymousAuthenticationFilter  : Set SecurityContextHolder to anonymous SecurityContext
2025-05-24T17:32:47.274-05:00 DEBUG 29428 --- [Matricula] [http-nio-8080-exec-4] o.s.security.web.FilterChainProxy        : Securing POST /login
2025-05-24T17:32:47.410-05:00 DEBUG 29428 --- [Matricula] [http-nio-8080-exec-4] o.s.s.a.dao.DaoAuthenticationProvider    : Authenticated user
2025-05-24T17:32:47.410-05:00 DEBUG 29428 --- [Matricula] [http-nio-8080-exec-4] .s.ChangeSessionIdAuthenticationStrategy : Changed session id from 8149263EFF5A241A2B433C48C4B4ECAB
2025-05-24T17:32:47.411-05:00 DEBUG 29428 --- [Matricula] [http-nio-8080-exec-4] o.s.s.w.csrf.CsrfAuthenticationStrategy  : Replaced CSRF Token
2025-05-24T17:32:47.412-05:00 DEBUG 29428 --- [Matricula] [http-nio-8080-exec-4] w.c.HttpSessionSecurityContextRepository : Stored SecurityContextImpl [Authentication=UsernamePasswordAuthenticationToken [Principal=org.springframework.security.core.userdetails.User [Username=admin, Password=[PROTECTED], Enabled=true, AccountNonExpired=true, CredentialsNonExpired=true, AccountNonLocked=true, Granted Authorities=[ROLE_USER]], Credentials=[PROTECTED], Authenticated=true, Details=WebAuthenticationDetails [RemoteIpAddress=0:0:0:0:0:0:0:1, SessionId=8149263EFF5A241A2B433C48C4B4ECAB], Granted Authorities=[ROLE_USER]]] to HttpSession [org.apache.catalina.session.StandardSessionFacade@1f8c36aa]
2025-05-24T17:32:47.412-05:00 DEBUG 29428 --- [Matricula] [http-nio-8080-exec-4] w.a.UsernamePasswordAuthenticationFilter : Set SecurityContextHolder to UsernamePasswordAuthenticationToken [Principal=org.springframework.security.core.userdetails.User [Username=admin, Password=[PROTECTED], Enabled=true, AccountNonExpired=true, CredentialsNonExpired=true, AccountNonLocked=true, Granted Authorities=[ROLE_USER]], Credentials=[PROTECTED], Authenticated=true, Details=WebAuthenticationDetails [RemoteIpAddress=0:0:0:0:0:0:0:1, SessionId=8149263EFF5A241A2B433C48C4B4ECAB], Granted Authorities=[ROLE_USER]]
2025-05-24T17:32:47.412-05:00 DEBUG 29428 --- [Matricula] [http-nio-8080-exec-4] o.s.s.web.DefaultRedirectStrategy        : Redirecting to /inicio
2025-05-24T17:32:47.416-05:00 DEBUG 29428 --- [Matricula] [http-nio-8080-exec-5] o.s.security.web.FilterChainProxy        : Securing GET /inicio
2025-05-24T17:32:47.416-05:00 DEBUG 29428 --- [Matricula] [http-nio-8080-exec-5] w.c.HttpSessionSecurityContextRepository : Retrieved SecurityContextImpl [Authentication=UsernamePasswordAuthenticationToken [Principal=org.springframework.security.core.userdetails.User [Username=admin, Password=[PROTECTED], Enabled=true, AccountNonExpired=true, CredentialsNonExpired=true, AccountNonLocked=true, Granted Authorities=[ROLE_USER]], Credentials=[PROTECTED], Authenticated=true, Details=WebAuthenticationDetails [RemoteIpAddress=0:0:0:0:0:0:0:1, SessionId=8149263EFF5A241A2B433C48C4B4ECAB], Granted Authorities=[ROLE_USER]]]
2025-05-24T17:32:47.416-05:00 DEBUG 29428 --- [Matricula] [http-nio-8080-exec-5] o.s.security.web.FilterChainProxy        : Secured GET /inicio
2025-05-24T17:32:47.441-05:00 DEBUG 29428 --- [Matricula] [http-nio-8080-exec-6] o.s.security.web.FilterChainProxy        : Securing GET /css/style.css
2025-05-24T17:32:47.442-05:00 DEBUG 29428 --- [Matricula] [http-nio-8080-exec-6] o.s.security.web.FilterChainProxy        : Secured GET /css/style.css
2025-05-24T17:32:47.444-05:00 DEBUG 29428 --- [Matricula] [http-nio-8080-exec-7] o.s.security.web.FilterChainProxy        : Securing GET /images/exit.png
2025-05-24T17:32:47.444-05:00 DEBUG 29428 --- [Matricula] [http-nio-8080-exec-7] o.s.security.web.FilterChainProxy        : Secured GET /images/exit.png
2025-05-24T17:32:47.450-05:00 DEBUG 29428 --- [Matricula] [http-nio-8080-exec-7] w.c.HttpSessionSecurityContextRepository : Retrieved SecurityContextImpl [Authentication=UsernamePasswordAuthenticationToken [Principal=org.springframework.security.core.userdetails.User [Username=admin, Password=[PROTECTED], Enabled=true, AccountNonExpired=true, CredentialsNonExpired=true, AccountNonLocked=true, Granted Authorities=[ROLE_USER]], Credentials=[PROTECTED], Authenticated=true, Details=WebAuthenticationDetails [RemoteIpAddress=0:0:0:0:0:0:0:1, SessionId=8149263EFF5A241A2B433C48C4B4ECAB], Granted Authorities=[ROLE_USER]]]
2025-05-24T17:32:47.451-05:00 DEBUG 29428 --- [Matricula] [http-nio-8080-exec-6] w.c.HttpSessionSecurityContextRepository : Retrieved SecurityContextImpl [Authentication=UsernamePasswordAuthenticationToken [Principal=org.springframework.security.core.userdetails.User [Username=admin, Password=[PROTECTED], Enabled=true, AccountNonExpired=true, CredentialsNonExpired=true, AccountNonLocked=true, Granted Authorities=[ROLE_USER]], Credentials=[PROTECTED], Authenticated=true, Details=WebAuthenticationDetails [RemoteIpAddress=0:0:0:0:0:0:0:1, SessionId=8149263EFF5A241A2B433C48C4B4ECAB], Granted Authorities=[ROLE_USER]]]
2025-05-24T17:32:47.456-05:00 DEBUG 29428 --- [Matricula] [http-nio-8080-exec-7] o.s.security.web.FilterChainProxy        : Securing GET /error
2025-05-24T17:32:47.458-05:00 DEBUG 29428 --- [Matricula] [http-nio-8080-exec-7] w.c.HttpSessionSecurityContextRepository : Retrieved SecurityContextImpl [Authentication=UsernamePasswordAuthenticationToken [Principal=org.springframework.security.core.userdetails.User [Username=admin, Password=[PROTECTED], Enabled=true, AccountNonExpired=true, CredentialsNonExpired=true, AccountNonLocked=true, Granted Authorities=[ROLE_USER]], Credentials=[PROTECTED], Authenticated=true, Details=WebAuthenticationDetails [RemoteIpAddress=0:0:0:0:0:0:0:1, SessionId=8149263EFF5A241A2B433C48C4B4ECAB], Granted Authorities=[ROLE_USER]]]
2025-05-24T17:32:47.458-05:00 DEBUG 29428 --- [Matricula] [http-nio-8080-exec-7] o.s.security.web.FilterChainProxy        : Secured GET /error
2025-05-24T17:32:51.273-05:00 DEBUG 29428 --- [Matricula] [http-nio-8080-exec-8] o.s.security.web.FilterChainProxy        : Securing GET /logout
2025-05-24T17:32:51.274-05:00 DEBUG 29428 --- [Matricula] [http-nio-8080-exec-8] w.c.HttpSessionSecurityContextRepository : Retrieved SecurityContextImpl [Authentication=UsernamePasswordAuthenticationToken [Principal=org.springframework.security.core.userdetails.User [Username=admin, Password=[PROTECTED], Enabled=true, AccountNonExpired=true, CredentialsNonExpired=true, AccountNonLocked=true, Granted Authorities=[ROLE_USER]], Credentials=[PROTECTED], Authenticated=true, Details=WebAuthenticationDetails [RemoteIpAddress=0:0:0:0:0:0:0:1, SessionId=8149263EFF5A241A2B433C48C4B4ECAB], Granted Authorities=[ROLE_USER]]]
2025-05-24T17:32:51.274-05:00 DEBUG 29428 --- [Matricula] [http-nio-8080-exec-8] o.s.security.web.FilterChainProxy        : Secured GET /logout
2025-05-24T17:32:51.281-05:00 DEBUG 29428 --- [Matricula] [http-nio-8080-exec-9] o.s.security.web.FilterChainProxy        : Securing GET /login
2025-05-24T17:32:51.282-05:00 DEBUG 29428 --- [Matricula] [http-nio-8080-exec-9] o.s.security.web.FilterChainProxy        : Secured GET /login
2025-05-24T17:32:51.284-05:00 DEBUG 29428 --- [Matricula] [http-nio-8080-exec-9] o.s.s.w.a.AnonymousAuthenticationFilter  : Set SecurityContextHolder to anonymous SecurityContext
2025-05-24T17:32:51.300-05:00 DEBUG 29428 --- [Matricula] [http-nio-8080-exec-10] o.s.security.web.FilterChainProxy        : Securing GET /css/style.css
2025-05-24T17:32:51.300-05:00 DEBUG 29428 --- [Matricula] [http-nio-8080-exec-10] o.s.security.web.FilterChainProxy        : Secured GET /css/style.css
2025-05-24T17:32:51.308-05:00 DEBUG 29428 --- [Matricula] [http-nio-8080-exec-10] o.s.s.w.a.AnonymousAuthenticationFilter  : Set SecurityContextHolder to anonymous SecurityContext
2025-05-24T17:32:59.167-05:00  INFO 29428 --- [Matricula] [SpringApplicationShutdownHook] o.s.b.w.e.tomcat.GracefulShutdown        : Commencing graceful shutdown. Waiting for active requests to complete
2025-05-24T17:32:59.173-05:00  INFO 29428 --- [Matricula] [tomcat-shutdown] o.s.b.w.e.tomcat.GracefulShutdown        : Graceful shutdown complete
2025-05-24T17:32:59.176-05:00  INFO 29428 --- [Matricula] [SpringApplicationShutdownHook] j.LocalContainerEntityManagerFactoryBean : Closing JPA EntityManagerFactory for persistence unit 'default'
2025-05-24T17:32:59.177-05:00  INFO 29428 --- [Matricula] [SpringApplicationShutdownHook] com.zaxxer.hikari.HikariDataSource       : HikariPool-1 - Shutdown initiated...
2025-05-24T17:32:59.180-05:00  INFO 29428 --- [Matricula] [SpringApplicationShutdownHook] com.zaxxer.hikari.HikariDataSource       : HikariPool-1 - Shutdown completed.
2025-05-24T17:34:04.191-05:00  INFO 14804 --- [Matricula] [main] com.matricula.MatriculaApplication       : Starting MatriculaApplication using Java 23.0.2 with PID 14804 (D:\My Drive\Isil\Ciclo IV\Proyecto Tecnologico\Proyectos\Matricula\target\classes started by jaimi in D:\My Drive\Isil\Ciclo IV\Proyecto Tecnologico\Proyectos\Matricula)
2025-05-24T17:34:04.196-05:00 DEBUG 14804 --- [Matricula] [main] com.matricula.MatriculaApplication       : Running with Spring Boot v3.4.4, Spring v6.2.5
2025-05-24T17:34:04.196-05:00  INFO 14804 --- [Matricula] [main] com.matricula.MatriculaApplication       : The following 1 profile is active: "dev"
2025-05-24T17:34:04.841-05:00  INFO 14804 --- [Matricula] [main] .s.d.r.c.RepositoryConfigurationDelegate : Bootstrapping Spring Data JPA repositories in DEFAULT mode.
2025-05-24T17:34:04.923-05:00  INFO 14804 --- [Matricula] [main] .s.d.r.c.RepositoryConfigurationDelegate : Finished Spring Data repository scanning in 73 ms. Found 2 JPA repository interfaces.
2025-05-24T17:34:05.367-05:00  INFO 14804 --- [Matricula] [main] o.s.b.w.embedded.tomcat.TomcatWebServer  : Tomcat initialized with port 8080 (http)
2025-05-24T17:34:05.379-05:00  INFO 14804 --- [Matricula] [main] o.apache.catalina.core.StandardService   : Starting service [Tomcat]
2025-05-24T17:34:05.380-05:00  INFO 14804 --- [Matricula] [main] o.apache.catalina.core.StandardEngine    : Starting Servlet engine: [Apache Tomcat/10.1.39]
2025-05-24T17:34:05.422-05:00  INFO 14804 --- [Matricula] [main] o.a.c.c.C.[Tomcat].[localhost].[/]       : Initializing Spring embedded WebApplicationContext
2025-05-24T17:34:05.423-05:00  INFO 14804 --- [Matricula] [main] w.s.c.ServletWebServerApplicationContext : Root WebApplicationContext: initialization completed in 1184 ms
2025-05-24T17:34:05.602-05:00  INFO 14804 --- [Matricula] [main] o.hibernate.jpa.internal.util.LogHelper  : HHH000204: Processing PersistenceUnitInfo [name: default]
2025-05-24T17:34:05.666-05:00  INFO 14804 --- [Matricula] [main] org.hibernate.Version                    : HHH000412: Hibernate ORM core version 6.6.11.Final
2025-05-24T17:34:05.699-05:00  INFO 14804 --- [Matricula] [main] o.h.c.internal.RegionFactoryInitiator    : HHH000026: Second-level cache disabled
2025-05-24T17:34:05.975-05:00  INFO 14804 --- [Matricula] [main] o.s.o.j.p.SpringPersistenceUnitInfo      : No LoadTimeWeaver setup: ignoring JPA class transformer
2025-05-24T17:34:06.005-05:00  INFO 14804 --- [Matricula] [main] com.zaxxer.hikari.HikariDataSource       : HikariPool-1 - Starting...
2025-05-24T17:34:06.238-05:00  INFO 14804 --- [Matricula] [main] com.zaxxer.hikari.pool.HikariPool        : HikariPool-1 - Added connection ConnectionID:1 ClientConnectionId: 24f5952b-7ed3-4c01-907a-c87bfb365836
2025-05-24T17:34:06.243-05:00  INFO 14804 --- [Matricula] [main] com.zaxxer.hikari.HikariDataSource       : HikariPool-1 - Start completed.
2025-05-24T17:34:06.307-05:00  INFO 14804 --- [Matricula] [main] org.hibernate.orm.connections.pooling    : HHH10001005: Database info:
	Database JDBC URL [Connecting through datasource 'HikariDataSource (HikariPool-1)']
	Database driver: undefined/unknown
	Database version: 16.0
	Autocommit mode: undefined/unknown
	Isolation level: undefined/unknown
	Minimum pool size: undefined/unknown
	Maximum pool size: undefined/unknown
2025-05-24T17:34:07.160-05:00  INFO 14804 --- [Matricula] [main] o.h.e.t.j.p.i.JtaPlatformInitiator       : HHH000489: No JTA platform available (set 'hibernate.transaction.jta.platform' to enable JTA platform integration)
2025-05-24T17:34:07.464-05:00  INFO 14804 --- [Matricula] [main] j.LocalContainerEntityManagerFactoryBean : Initialized JPA EntityManagerFactory for persistence unit 'default'
2025-05-24T17:34:07.749-05:00  WARN 14804 --- [Matricula] [main] JpaBaseConfiguration$JpaWebConfiguration : spring.jpa.open-in-view is enabled by default. Therefore, database queries may be performed during view rendering. Explicitly configure spring.jpa.open-in-view to disable this warning
2025-05-24T17:34:07.768-05:00  INFO 14804 --- [Matricula] [main] eAuthenticationProviderManagerConfigurer : Global AuthenticationManager configured with AuthenticationProvider bean with name authenticationProvider
2025-05-24T17:34:07.768-05:00  WARN 14804 --- [Matricula] [main] r$InitializeUserDetailsManagerConfigurer : Global AuthenticationManager configured with an AuthenticationProvider bean. UserDetailsService beans will not be used by Spring Security for automatically configuring username/password login. Consider removing the AuthenticationProvider bean. Alternatively, consider using the UserDetailsService in a manually instantiated DaoAuthenticationProvider. If the current configuration is intentional, to turn off this warning, increase the logging level of 'org.springframework.security.config.annotation.authentication.configuration.InitializeUserDetailsBeanManagerConfigurer' to ERROR
2025-05-24T17:34:07.976-05:00 DEBUG 14804 --- [Matricula] [main] o.s.s.web.DefaultSecurityFilterChain     : Will secure any request with filters: DisableEncodeUrlFilter, WebAsyncManagerIntegrationFilter, SecurityContextHolderFilter, HeaderWriterFilter, CsrfFilter, LogoutFilter, UsernamePasswordAuthenticationFilter, RequestCacheAwareFilter, SecurityContextHolderAwareRequestFilter, AnonymousAuthenticationFilter, ExceptionTranslationFilter, AuthorizationFilter
2025-05-24T17:34:08.194-05:00  INFO 14804 --- [Matricula] [main] o.s.b.w.embedded.tomcat.TomcatWebServer  : Tomcat started on port 8080 (http) with context path '/'
2025-05-24T17:34:08.200-05:00  INFO 14804 --- [Matricula] [main] com.matricula.MatriculaApplication       : Started MatriculaApplication in 4.438 seconds (process running for 4.894)
2025-05-24T17:34:13.777-05:00  INFO 14804 --- [Matricula] [http-nio-8080-exec-1] o.a.c.c.C.[Tomcat].[localhost].[/]       : Initializing Spring DispatcherServlet 'dispatcherServlet'
2025-05-24T17:34:13.777-05:00  INFO 14804 --- [Matricula] [http-nio-8080-exec-1] o.s.web.servlet.DispatcherServlet        : Initializing Servlet 'dispatcherServlet'
2025-05-24T17:34:13.779-05:00  INFO 14804 --- [Matricula] [http-nio-8080-exec-1] o.s.web.servlet.DispatcherServlet        : Completed initialization in 0 ms
2025-05-24T17:34:13.798-05:00 DEBUG 14804 --- [Matricula] [http-nio-8080-exec-1] o.s.security.web.FilterChainProxy        : Securing GET /inicio
2025-05-24T17:34:13.808-05:00 DEBUG 14804 --- [Matricula] [http-nio-8080-exec-1] o.s.s.w.a.AnonymousAuthenticationFilter  : Set SecurityContextHolder to anonymous SecurityContext
2025-05-24T17:34:13.824-05:00 DEBUG 14804 --- [Matricula] [http-nio-8080-exec-1] o.s.s.w.s.HttpSessionRequestCache        : Saved request http://localhost:8080/inicio?continue to session
2025-05-24T17:34:13.825-05:00 DEBUG 14804 --- [Matricula] [http-nio-8080-exec-1] o.s.s.web.DefaultRedirectStrategy        : Redirecting to http://localhost:8080/login
2025-05-24T17:34:13.830-05:00 DEBUG 14804 --- [Matricula] [http-nio-8080-exec-2] o.s.security.web.FilterChainProxy        : Securing GET /login
2025-05-24T17:34:13.831-05:00 DEBUG 14804 --- [Matricula] [http-nio-8080-exec-2] o.s.security.web.FilterChainProxy        : Secured GET /login
2025-05-24T17:34:14.102-05:00 DEBUG 14804 --- [Matricula] [http-nio-8080-exec-2] o.s.s.w.a.AnonymousAuthenticationFilter  : Set SecurityContextHolder to anonymous SecurityContext
2025-05-24T17:34:14.110-05:00 DEBUG 14804 --- [Matricula] [http-nio-8080-exec-3] o.s.security.web.FilterChainProxy        : Securing GET /css/style.css
2025-05-24T17:34:14.110-05:00 DEBUG 14804 --- [Matricula] [http-nio-8080-exec-3] o.s.security.web.FilterChainProxy        : Secured GET /css/style.css
2025-05-24T17:34:14.122-05:00 DEBUG 14804 --- [Matricula] [http-nio-8080-exec-3] o.s.s.w.a.AnonymousAuthenticationFilter  : Set SecurityContextHolder to anonymous SecurityContext
2025-05-24T17:34:19.272-05:00 DEBUG 14804 --- [Matricula] [http-nio-8080-exec-4] o.s.security.web.FilterChainProxy        : Securing POST /login
2025-05-24T17:34:19.414-05:00 DEBUG 14804 --- [Matricula] [http-nio-8080-exec-4] o.s.s.a.dao.DaoAuthenticationProvider    : Authenticated user
2025-05-24T17:34:19.415-05:00 DEBUG 14804 --- [Matricula] [http-nio-8080-exec-4] .s.ChangeSessionIdAuthenticationStrategy : Changed session id from 3E85DDE4DAFDDE6742B47EF1FE29C674
2025-05-24T17:34:19.416-05:00 DEBUG 14804 --- [Matricula] [http-nio-8080-exec-4] o.s.s.w.csrf.CsrfAuthenticationStrategy  : Replaced CSRF Token
2025-05-24T17:34:19.417-05:00 DEBUG 14804 --- [Matricula] [http-nio-8080-exec-4] w.c.HttpSessionSecurityContextRepository : Stored SecurityContextImpl [Authentication=UsernamePasswordAuthenticationToken [Principal=org.springframework.security.core.userdetails.User [Username=admin, Password=[PROTECTED], Enabled=true, AccountNonExpired=true, CredentialsNonExpired=true, AccountNonLocked=true, Granted Authorities=[ROLE_USER]], Credentials=[PROTECTED], Authenticated=true, Details=WebAuthenticationDetails [RemoteIpAddress=0:0:0:0:0:0:0:1, SessionId=3E85DDE4DAFDDE6742B47EF1FE29C674], Granted Authorities=[ROLE_USER]]] to HttpSession [org.apache.catalina.session.StandardSessionFacade@f31daa]
2025-05-24T17:34:19.417-05:00 DEBUG 14804 --- [Matricula] [http-nio-8080-exec-4] w.a.UsernamePasswordAuthenticationFilter : Set SecurityContextHolder to UsernamePasswordAuthenticationToken [Principal=org.springframework.security.core.userdetails.User [Username=admin, Password=[PROTECTED], Enabled=true, AccountNonExpired=true, CredentialsNonExpired=true, AccountNonLocked=true, Granted Authorities=[ROLE_USER]], Credentials=[PROTECTED], Authenticated=true, Details=WebAuthenticationDetails [RemoteIpAddress=0:0:0:0:0:0:0:1, SessionId=3E85DDE4DAFDDE6742B47EF1FE29C674], Granted Authorities=[ROLE_USER]]
2025-05-24T17:34:19.417-05:00 DEBUG 14804 --- [Matricula] [http-nio-8080-exec-4] o.s.s.web.DefaultRedirectStrategy        : Redirecting to /inicio
2025-05-24T17:34:19.420-05:00 DEBUG 14804 --- [Matricula] [http-nio-8080-exec-5] o.s.security.web.FilterChainProxy        : Securing GET /inicio
2025-05-24T17:34:19.421-05:00 DEBUG 14804 --- [Matricula] [http-nio-8080-exec-5] w.c.HttpSessionSecurityContextRepository : Retrieved SecurityContextImpl [Authentication=UsernamePasswordAuthenticationToken [Principal=org.springframework.security.core.userdetails.User [Username=admin, Password=[PROTECTED], Enabled=true, AccountNonExpired=true, CredentialsNonExpired=true, AccountNonLocked=true, Granted Authorities=[ROLE_USER]], Credentials=[PROTECTED], Authenticated=true, Details=WebAuthenticationDetails [RemoteIpAddress=0:0:0:0:0:0:0:1, SessionId=3E85DDE4DAFDDE6742B47EF1FE29C674], Granted Authorities=[ROLE_USER]]]
2025-05-24T17:34:19.421-05:00 DEBUG 14804 --- [Matricula] [http-nio-8080-exec-5] o.s.security.web.FilterChainProxy        : Secured GET /inicio
2025-05-24T17:34:19.449-05:00 DEBUG 14804 --- [Matricula] [http-nio-8080-exec-6] o.s.security.web.FilterChainProxy        : Securing GET /css/style.css
2025-05-24T17:34:19.450-05:00 DEBUG 14804 --- [Matricula] [http-nio-8080-exec-6] o.s.security.web.FilterChainProxy        : Secured GET /css/style.css
2025-05-24T17:34:19.450-05:00 DEBUG 14804 --- [Matricula] [http-nio-8080-exec-7] o.s.security.web.FilterChainProxy        : Securing GET /images/exit.png
2025-05-24T17:34:19.450-05:00 DEBUG 14804 --- [Matricula] [http-nio-8080-exec-7] o.s.security.web.FilterChainProxy        : Secured GET /images/exit.png
2025-05-24T17:34:19.455-05:00 DEBUG 14804 --- [Matricula] [http-nio-8080-exec-7] w.c.HttpSessionSecurityContextRepository : Retrieved SecurityContextImpl [Authentication=UsernamePasswordAuthenticationToken [Principal=org.springframework.security.core.userdetails.User [Username=admin, Password=[PROTECTED], Enabled=true, AccountNonExpired=true, CredentialsNonExpired=true, AccountNonLocked=true, Granted Authorities=[ROLE_USER]], Credentials=[PROTECTED], Authenticated=true, Details=WebAuthenticationDetails [RemoteIpAddress=0:0:0:0:0:0:0:1, SessionId=3E85DDE4DAFDDE6742B47EF1FE29C674], Granted Authorities=[ROLE_USER]]]
2025-05-24T17:34:19.458-05:00 DEBUG 14804 --- [Matricula] [http-nio-8080-exec-6] w.c.HttpSessionSecurityContextRepository : Retrieved SecurityContextImpl [Authentication=UsernamePasswordAuthenticationToken [Principal=org.springframework.security.core.userdetails.User [Username=admin, Password=[PROTECTED], Enabled=true, AccountNonExpired=true, CredentialsNonExpired=true, AccountNonLocked=true, Granted Authorities=[ROLE_USER]], Credentials=[PROTECTED], Authenticated=true, Details=WebAuthenticationDetails [RemoteIpAddress=0:0:0:0:0:0:0:1, SessionId=3E85DDE4DAFDDE6742B47EF1FE29C674], Granted Authorities=[ROLE_USER]]]
2025-05-24T17:34:19.463-05:00 DEBUG 14804 --- [Matricula] [http-nio-8080-exec-7] o.s.security.web.FilterChainProxy        : Securing GET /error
2025-05-24T17:34:19.464-05:00 DEBUG 14804 --- [Matricula] [http-nio-8080-exec-7] w.c.HttpSessionSecurityContextRepository : Retrieved SecurityContextImpl [Authentication=UsernamePasswordAuthenticationToken [Principal=org.springframework.security.core.userdetails.User [Username=admin, Password=[PROTECTED], Enabled=true, AccountNonExpired=true, CredentialsNonExpired=true, AccountNonLocked=true, Granted Authorities=[ROLE_USER]], Credentials=[PROTECTED], Authenticated=true, Details=WebAuthenticationDetails [RemoteIpAddress=0:0:0:0:0:0:0:1, SessionId=3E85DDE4DAFDDE6742B47EF1FE29C674], Granted Authorities=[ROLE_USER]]]
2025-05-24T17:34:19.464-05:00 DEBUG 14804 --- [Matricula] [http-nio-8080-exec-7] o.s.security.web.FilterChainProxy        : Secured GET /error
2025-05-24T17:34:25.051-05:00 DEBUG 14804 --- [Matricula] [http-nio-8080-exec-8] o.s.security.web.FilterChainProxy        : Securing GET /logout
2025-05-24T17:34:25.052-05:00 DEBUG 14804 --- [Matricula] [http-nio-8080-exec-8] w.c.HttpSessionSecurityContextRepository : Retrieved SecurityContextImpl [Authentication=UsernamePasswordAuthenticationToken [Principal=org.springframework.security.core.userdetails.User [Username=admin, Password=[PROTECTED], Enabled=true, AccountNonExpired=true, CredentialsNonExpired=true, AccountNonLocked=true, Granted Authorities=[ROLE_USER]], Credentials=[PROTECTED], Authenticated=true, Details=WebAuthenticationDetails [RemoteIpAddress=0:0:0:0:0:0:0:1, SessionId=3E85DDE4DAFDDE6742B47EF1FE29C674], Granted Authorities=[ROLE_USER]]]
2025-05-24T17:34:25.052-05:00 DEBUG 14804 --- [Matricula] [http-nio-8080-exec-8] o.s.security.web.FilterChainProxy        : Secured GET /logout
2025-05-24T17:34:25.058-05:00 DEBUG 14804 --- [Matricula] [http-nio-8080-exec-9] o.s.security.web.FilterChainProxy        : Securing GET /login
2025-05-24T17:34:25.060-05:00 DEBUG 14804 --- [Matricula] [http-nio-8080-exec-9] o.s.security.web.FilterChainProxy        : Secured GET /login
2025-05-24T17:34:25.063-05:00 DEBUG 14804 --- [Matricula] [http-nio-8080-exec-9] o.s.s.w.a.AnonymousAuthenticationFilter  : Set SecurityContextHolder to anonymous SecurityContext
2025-05-24T17:34:25.077-05:00 DEBUG 14804 --- [Matricula] [http-nio-8080-exec-10] o.s.security.web.FilterChainProxy        : Securing GET /css/style.css
2025-05-24T17:34:25.078-05:00 DEBUG 14804 --- [Matricula] [http-nio-8080-exec-10] o.s.security.web.FilterChainProxy        : Secured GET /css/style.css
2025-05-24T17:34:25.086-05:00 DEBUG 14804 --- [Matricula] [http-nio-8080-exec-10] o.s.s.w.a.AnonymousAuthenticationFilter  : Set SecurityContextHolder to anonymous SecurityContext
2025-05-24T17:36:49.828-05:00  INFO 14804 --- [Matricula] [SpringApplicationShutdownHook] o.s.b.w.e.tomcat.GracefulShutdown        : Commencing graceful shutdown. Waiting for active requests to complete
2025-05-24T17:36:49.835-05:00  INFO 14804 --- [Matricula] [tomcat-shutdown] o.s.b.w.e.tomcat.GracefulShutdown        : Graceful shutdown complete
2025-05-24T17:36:49.838-05:00  INFO 14804 --- [Matricula] [SpringApplicationShutdownHook] j.LocalContainerEntityManagerFactoryBean : Closing JPA EntityManagerFactory for persistence unit 'default'
2025-05-24T17:36:49.840-05:00  INFO 14804 --- [Matricula] [SpringApplicationShutdownHook] com.zaxxer.hikari.HikariDataSource       : HikariPool-1 - Shutdown initiated...
2025-05-24T17:36:49.842-05:00  INFO 14804 --- [Matricula] [SpringApplicationShutdownHook] com.zaxxer.hikari.HikariDataSource       : HikariPool-1 - Shutdown completed.
2025-05-24T17:36:53.957-05:00  INFO 61636 --- [Matricula] [main] com.matricula.MatriculaApplication       : Starting MatriculaApplication using Java 23.0.2 with PID 61636 (D:\My Drive\Isil\Ciclo IV\Proyecto Tecnologico\Proyectos\Matricula\target\classes started by jaimi in D:\My Drive\Isil\Ciclo IV\Proyecto Tecnologico\Proyectos\Matricula)
2025-05-24T17:36:53.971-05:00 DEBUG 61636 --- [Matricula] [main] com.matricula.MatriculaApplication       : Running with Spring Boot v3.4.4, Spring v6.2.5
2025-05-24T17:36:53.971-05:00  INFO 61636 --- [Matricula] [main] com.matricula.MatriculaApplication       : The following 1 profile is active: "dev"
2025-05-24T17:36:54.648-05:00  INFO 61636 --- [Matricula] [main] .s.d.r.c.RepositoryConfigurationDelegate : Bootstrapping Spring Data JPA repositories in DEFAULT mode.
2025-05-24T17:36:54.728-05:00  INFO 61636 --- [Matricula] [main] .s.d.r.c.RepositoryConfigurationDelegate : Finished Spring Data repository scanning in 72 ms. Found 2 JPA repository interfaces.
2025-05-24T17:36:55.172-05:00  INFO 61636 --- [Matricula] [main] o.s.b.w.embedded.tomcat.TomcatWebServer  : Tomcat initialized with port 8080 (http)
2025-05-24T17:36:55.183-05:00  INFO 61636 --- [Matricula] [main] o.apache.catalina.core.StandardService   : Starting service [Tomcat]
2025-05-24T17:36:55.183-05:00  INFO 61636 --- [Matricula] [main] o.apache.catalina.core.StandardEngine    : Starting Servlet engine: [Apache Tomcat/10.1.39]
2025-05-24T17:36:55.224-05:00  INFO 61636 --- [Matricula] [main] o.a.c.c.C.[Tomcat].[localhost].[/]       : Initializing Spring embedded WebApplicationContext
2025-05-24T17:36:55.225-05:00  INFO 61636 --- [Matricula] [main] w.s.c.ServletWebServerApplicationContext : Root WebApplicationContext: initialization completed in 1208 ms
2025-05-24T17:36:55.457-05:00  INFO 61636 --- [Matricula] [main] o.hibernate.jpa.internal.util.LogHelper  : HHH000204: Processing PersistenceUnitInfo [name: default]
2025-05-24T17:36:55.517-05:00  INFO 61636 --- [Matricula] [main] org.hibernate.Version                    : HHH000412: Hibernate ORM core version 6.6.11.Final
2025-05-24T17:36:55.556-05:00  INFO 61636 --- [Matricula] [main] o.h.c.internal.RegionFactoryInitiator    : HHH000026: Second-level cache disabled
2025-05-24T17:36:55.874-05:00  INFO 61636 --- [Matricula] [main] o.s.o.j.p.SpringPersistenceUnitInfo      : No LoadTimeWeaver setup: ignoring JPA class transformer
2025-05-24T17:36:55.905-05:00  INFO 61636 --- [Matricula] [main] com.zaxxer.hikari.HikariDataSource       : HikariPool-1 - Starting...
2025-05-24T17:36:56.145-05:00  INFO 61636 --- [Matricula] [main] com.zaxxer.hikari.pool.HikariPool        : HikariPool-1 - Added connection ConnectionID:1 ClientConnectionId: cb0b771a-78db-47fc-9310-a0758ff634b9
2025-05-24T17:36:56.147-05:00  INFO 61636 --- [Matricula] [main] com.zaxxer.hikari.HikariDataSource       : HikariPool-1 - Start completed.
2025-05-24T17:36:56.208-05:00  INFO 61636 --- [Matricula] [main] org.hibernate.orm.connections.pooling    : HHH10001005: Database info:
	Database JDBC URL [Connecting through datasource 'HikariDataSource (HikariPool-1)']
	Database driver: undefined/unknown
	Database version: 16.0
	Autocommit mode: undefined/unknown
	Isolation level: undefined/unknown
	Minimum pool size: undefined/unknown
	Maximum pool size: undefined/unknown
2025-05-24T17:36:57.035-05:00  INFO 61636 --- [Matricula] [main] o.h.e.t.j.p.i.JtaPlatformInitiator       : HHH000489: No JTA platform available (set 'hibernate.transaction.jta.platform' to enable JTA platform integration)
2025-05-24T17:36:57.338-05:00  INFO 61636 --- [Matricula] [main] j.LocalContainerEntityManagerFactoryBean : Initialized JPA EntityManagerFactory for persistence unit 'default'
2025-05-24T17:36:57.627-05:00  WARN 61636 --- [Matricula] [main] JpaBaseConfiguration$JpaWebConfiguration : spring.jpa.open-in-view is enabled by default. Therefore, database queries may be performed during view rendering. Explicitly configure spring.jpa.open-in-view to disable this warning
2025-05-24T17:36:57.646-05:00  INFO 61636 --- [Matricula] [main] eAuthenticationProviderManagerConfigurer : Global AuthenticationManager configured with AuthenticationProvider bean with name authenticationProvider
2025-05-24T17:36:57.647-05:00  WARN 61636 --- [Matricula] [main] r$InitializeUserDetailsManagerConfigurer : Global AuthenticationManager configured with an AuthenticationProvider bean. UserDetailsService beans will not be used by Spring Security for automatically configuring username/password login. Consider removing the AuthenticationProvider bean. Alternatively, consider using the UserDetailsService in a manually instantiated DaoAuthenticationProvider. If the current configuration is intentional, to turn off this warning, increase the logging level of 'org.springframework.security.config.annotation.authentication.configuration.InitializeUserDetailsBeanManagerConfigurer' to ERROR
2025-05-24T17:36:57.860-05:00 DEBUG 61636 --- [Matricula] [main] o.s.s.web.DefaultSecurityFilterChain     : Will secure any request with filters: DisableEncodeUrlFilter, WebAsyncManagerIntegrationFilter, SecurityContextHolderFilter, HeaderWriterFilter, CsrfFilter, LogoutFilter, UsernamePasswordAuthenticationFilter, RequestCacheAwareFilter, SecurityContextHolderAwareRequestFilter, AnonymousAuthenticationFilter, ExceptionTranslationFilter, AuthorizationFilter
2025-05-24T17:36:58.062-05:00  INFO 61636 --- [Matricula] [main] o.s.b.w.embedded.tomcat.TomcatWebServer  : Tomcat started on port 8080 (http) with context path '/'
2025-05-24T17:36:58.068-05:00  INFO 61636 --- [Matricula] [main] com.matricula.MatriculaApplication       : Started MatriculaApplication in 4.554 seconds (process running for 5.101)
2025-05-24T17:37:18.749-05:00  INFO 61636 --- [Matricula] [http-nio-8080-exec-1] o.a.c.c.C.[Tomcat].[localhost].[/]       : Initializing Spring DispatcherServlet 'dispatcherServlet'
2025-05-24T17:37:18.749-05:00  INFO 61636 --- [Matricula] [http-nio-8080-exec-1] o.s.web.servlet.DispatcherServlet        : Initializing Servlet 'dispatcherServlet'
2025-05-24T17:37:18.750-05:00  INFO 61636 --- [Matricula] [http-nio-8080-exec-1] o.s.web.servlet.DispatcherServlet        : Completed initialization in 1 ms
2025-05-24T17:37:18.766-05:00 DEBUG 61636 --- [Matricula] [http-nio-8080-exec-1] o.s.security.web.FilterChainProxy        : Securing GET /inicio
2025-05-24T17:37:18.776-05:00 DEBUG 61636 --- [Matricula] [http-nio-8080-exec-1] o.s.s.w.a.AnonymousAuthenticationFilter  : Set SecurityContextHolder to anonymous SecurityContext
2025-05-24T17:37:18.792-05:00 DEBUG 61636 --- [Matricula] [http-nio-8080-exec-1] o.s.s.w.s.HttpSessionRequestCache        : Saved request http://localhost:8080/inicio?continue to session
2025-05-24T17:37:18.793-05:00 DEBUG 61636 --- [Matricula] [http-nio-8080-exec-1] o.s.s.web.DefaultRedirectStrategy        : Redirecting to http://localhost:8080/login
2025-05-24T17:37:18.797-05:00 DEBUG 61636 --- [Matricula] [http-nio-8080-exec-2] o.s.security.web.FilterChainProxy        : Securing GET /login
2025-05-24T17:37:18.798-05:00 DEBUG 61636 --- [Matricula] [http-nio-8080-exec-2] o.s.security.web.FilterChainProxy        : Secured GET /login
2025-05-24T17:37:19.053-05:00 DEBUG 61636 --- [Matricula] [http-nio-8080-exec-2] o.s.s.w.a.AnonymousAuthenticationFilter  : Set SecurityContextHolder to anonymous SecurityContext
2025-05-24T17:37:19.061-05:00 DEBUG 61636 --- [Matricula] [http-nio-8080-exec-3] o.s.security.web.FilterChainProxy        : Securing GET /css/style.css
2025-05-24T17:37:19.062-05:00 DEBUG 61636 --- [Matricula] [http-nio-8080-exec-3] o.s.security.web.FilterChainProxy        : Secured GET /css/style.css
2025-05-24T17:37:19.073-05:00 DEBUG 61636 --- [Matricula] [http-nio-8080-exec-3] o.s.s.w.a.AnonymousAuthenticationFilter  : Set SecurityContextHolder to anonymous SecurityContext
2025-05-24T17:37:24.048-05:00 DEBUG 61636 --- [Matricula] [http-nio-8080-exec-4] o.s.security.web.FilterChainProxy        : Securing POST /login
2025-05-24T17:37:24.197-05:00 DEBUG 61636 --- [Matricula] [http-nio-8080-exec-4] o.s.s.a.dao.DaoAuthenticationProvider    : Authenticated user
2025-05-24T17:37:24.198-05:00 DEBUG 61636 --- [Matricula] [http-nio-8080-exec-4] .s.ChangeSessionIdAuthenticationStrategy : Changed session id from 20C63907D0A0144CDE89DEBE44288906
2025-05-24T17:37:24.199-05:00 DEBUG 61636 --- [Matricula] [http-nio-8080-exec-4] o.s.s.w.csrf.CsrfAuthenticationStrategy  : Replaced CSRF Token
2025-05-24T17:37:24.199-05:00 DEBUG 61636 --- [Matricula] [http-nio-8080-exec-4] w.c.HttpSessionSecurityContextRepository : Stored SecurityContextImpl [Authentication=UsernamePasswordAuthenticationToken [Principal=org.springframework.security.core.userdetails.User [Username=admin, Password=[PROTECTED], Enabled=true, AccountNonExpired=true, CredentialsNonExpired=true, AccountNonLocked=true, Granted Authorities=[ROLE_USER]], Credentials=[PROTECTED], Authenticated=true, Details=WebAuthenticationDetails [RemoteIpAddress=0:0:0:0:0:0:0:1, SessionId=20C63907D0A0144CDE89DEBE44288906], Granted Authorities=[ROLE_USER]]] to HttpSession [org.apache.catalina.session.StandardSessionFacade@196c81a]
2025-05-24T17:37:24.200-05:00 DEBUG 61636 --- [Matricula] [http-nio-8080-exec-4] w.a.UsernamePasswordAuthenticationFilter : Set SecurityContextHolder to UsernamePasswordAuthenticationToken [Principal=org.springframework.security.core.userdetails.User [Username=admin, Password=[PROTECTED], Enabled=true, AccountNonExpired=true, CredentialsNonExpired=true, AccountNonLocked=true, Granted Authorities=[ROLE_USER]], Credentials=[PROTECTED], Authenticated=true, Details=WebAuthenticationDetails [RemoteIpAddress=0:0:0:0:0:0:0:1, SessionId=20C63907D0A0144CDE89DEBE44288906], Granted Authorities=[ROLE_USER]]
2025-05-24T17:37:24.200-05:00 DEBUG 61636 --- [Matricula] [http-nio-8080-exec-4] o.s.s.web.DefaultRedirectStrategy        : Redirecting to /inicio
2025-05-24T17:37:24.203-05:00 DEBUG 61636 --- [Matricula] [http-nio-8080-exec-5] o.s.security.web.FilterChainProxy        : Securing GET /inicio
2025-05-24T17:37:24.204-05:00 DEBUG 61636 --- [Matricula] [http-nio-8080-exec-5] w.c.HttpSessionSecurityContextRepository : Retrieved SecurityContextImpl [Authentication=UsernamePasswordAuthenticationToken [Principal=org.springframework.security.core.userdetails.User [Username=admin, Password=[PROTECTED], Enabled=true, AccountNonExpired=true, CredentialsNonExpired=true, AccountNonLocked=true, Granted Authorities=[ROLE_USER]], Credentials=[PROTECTED], Authenticated=true, Details=WebAuthenticationDetails [RemoteIpAddress=0:0:0:0:0:0:0:1, SessionId=20C63907D0A0144CDE89DEBE44288906], Granted Authorities=[ROLE_USER]]]
2025-05-24T17:37:24.204-05:00 DEBUG 61636 --- [Matricula] [http-nio-8080-exec-5] o.s.security.web.FilterChainProxy        : Secured GET /inicio
2025-05-24T17:37:24.228-05:00 DEBUG 61636 --- [Matricula] [http-nio-8080-exec-6] o.s.security.web.FilterChainProxy        : Securing GET /css/style.css
2025-05-24T17:37:24.228-05:00 DEBUG 61636 --- [Matricula] [http-nio-8080-exec-6] o.s.security.web.FilterChainProxy        : Secured GET /css/style.css
2025-05-24T17:37:24.237-05:00 DEBUG 61636 --- [Matricula] [http-nio-8080-exec-6] w.c.HttpSessionSecurityContextRepository : Retrieved SecurityContextImpl [Authentication=UsernamePasswordAuthenticationToken [Principal=org.springframework.security.core.userdetails.User [Username=admin, Password=[PROTECTED], Enabled=true, AccountNonExpired=true, CredentialsNonExpired=true, AccountNonLocked=true, Granted Authorities=[ROLE_USER]], Credentials=[PROTECTED], Authenticated=true, Details=WebAuthenticationDetails [RemoteIpAddress=0:0:0:0:0:0:0:1, SessionId=20C63907D0A0144CDE89DEBE44288906], Granted Authorities=[ROLE_USER]]]
2025-05-24T17:37:27.331-05:00 DEBUG 61636 --- [Matricula] [http-nio-8080-exec-7] o.s.security.web.FilterChainProxy        : Securing GET /logout
2025-05-24T17:37:27.331-05:00 DEBUG 61636 --- [Matricula] [http-nio-8080-exec-7] w.c.HttpSessionSecurityContextRepository : Retrieved SecurityContextImpl [Authentication=UsernamePasswordAuthenticationToken [Principal=org.springframework.security.core.userdetails.User [Username=admin, Password=[PROTECTED], Enabled=true, AccountNonExpired=true, CredentialsNonExpired=true, AccountNonLocked=true, Granted Authorities=[ROLE_USER]], Credentials=[PROTECTED], Authenticated=true, Details=WebAuthenticationDetails [RemoteIpAddress=0:0:0:0:0:0:0:1, SessionId=20C63907D0A0144CDE89DEBE44288906], Granted Authorities=[ROLE_USER]]]
2025-05-24T17:37:27.332-05:00 DEBUG 61636 --- [Matricula] [http-nio-8080-exec-7] o.s.security.web.FilterChainProxy        : Secured GET /logout
2025-05-24T17:37:27.337-05:00 DEBUG 61636 --- [Matricula] [http-nio-8080-exec-8] o.s.security.web.FilterChainProxy        : Securing GET /login
2025-05-24T17:37:27.338-05:00 DEBUG 61636 --- [Matricula] [http-nio-8080-exec-8] o.s.security.web.FilterChainProxy        : Secured GET /login
2025-05-24T17:37:27.341-05:00 DEBUG 61636 --- [Matricula] [http-nio-8080-exec-8] o.s.s.w.a.AnonymousAuthenticationFilter  : Set SecurityContextHolder to anonymous SecurityContext
2025-05-24T17:37:27.356-05:00 DEBUG 61636 --- [Matricula] [http-nio-8080-exec-9] o.s.security.web.FilterChainProxy        : Securing GET /css/style.css
2025-05-24T17:37:27.356-05:00 DEBUG 61636 --- [Matricula] [http-nio-8080-exec-9] o.s.security.web.FilterChainProxy        : Secured GET /css/style.css
2025-05-24T17:37:27.366-05:00 DEBUG 61636 --- [Matricula] [http-nio-8080-exec-9] o.s.s.w.a.AnonymousAuthenticationFilter  : Set SecurityContextHolder to anonymous SecurityContext
2025-05-24T17:39:27.010-05:00 DEBUG 61636 --- [Matricula] [http-nio-8080-exec-2] o.s.security.web.FilterChainProxy        : Securing GET /inicio
2025-05-24T17:39:27.011-05:00 DEBUG 61636 --- [Matricula] [http-nio-8080-exec-2] o.s.s.w.a.AnonymousAuthenticationFilter  : Set SecurityContextHolder to anonymous SecurityContext
2025-05-24T17:39:27.012-05:00 DEBUG 61636 --- [Matricula] [http-nio-8080-exec-2] o.s.s.w.s.HttpSessionRequestCache        : Saved request http://localhost:8080/inicio?continue to session
2025-05-24T17:39:27.012-05:00 DEBUG 61636 --- [Matricula] [http-nio-8080-exec-2] o.s.s.web.DefaultRedirectStrategy        : Redirecting to http://localhost:8080/login
2025-05-24T17:39:27.016-05:00 DEBUG 61636 --- [Matricula] [http-nio-8080-exec-3] o.s.security.web.FilterChainProxy        : Securing GET /login
2025-05-24T17:39:27.017-05:00 DEBUG 61636 --- [Matricula] [http-nio-8080-exec-3] o.s.security.web.FilterChainProxy        : Secured GET /login
2025-05-24T17:39:27.018-05:00 DEBUG 61636 --- [Matricula] [http-nio-8080-exec-3] o.s.s.w.a.AnonymousAuthenticationFilter  : Set SecurityContextHolder to anonymous SecurityContext
2025-05-24T17:39:27.024-05:00 DEBUG 61636 --- [Matricula] [http-nio-8080-exec-4] o.s.security.web.FilterChainProxy        : Securing GET /css/style.css
2025-05-24T17:39:27.025-05:00 DEBUG 61636 --- [Matricula] [http-nio-8080-exec-4] o.s.security.web.FilterChainProxy        : Secured GET /css/style.css
2025-05-24T17:39:27.032-05:00 DEBUG 61636 --- [Matricula] [http-nio-8080-exec-4] o.s.s.w.a.AnonymousAuthenticationFilter  : Set SecurityContextHolder to anonymous SecurityContext
2025-05-24T17:39:32.492-05:00 DEBUG 61636 --- [Matricula] [http-nio-8080-exec-5] o.s.security.web.FilterChainProxy        : Securing POST /login
2025-05-24T17:39:32.567-05:00 DEBUG 61636 --- [Matricula] [http-nio-8080-exec-5] o.s.s.a.dao.DaoAuthenticationProvider    : Authenticated user
2025-05-24T17:39:32.568-05:00 DEBUG 61636 --- [Matricula] [http-nio-8080-exec-5] .s.ChangeSessionIdAuthenticationStrategy : Changed session id from CC0B0A868CEB04584BE277CE7346E2C1
2025-05-24T17:39:32.568-05:00 DEBUG 61636 --- [Matricula] [http-nio-8080-exec-5] o.s.s.w.csrf.CsrfAuthenticationStrategy  : Replaced CSRF Token
2025-05-24T17:39:32.568-05:00 DEBUG 61636 --- [Matricula] [http-nio-8080-exec-5] w.c.HttpSessionSecurityContextRepository : Stored SecurityContextImpl [Authentication=UsernamePasswordAuthenticationToken [Principal=org.springframework.security.core.userdetails.User [Username=admin, Password=[PROTECTED], Enabled=true, AccountNonExpired=true, CredentialsNonExpired=true, AccountNonLocked=true, Granted Authorities=[ROLE_USER]], Credentials=[PROTECTED], Authenticated=true, Details=WebAuthenticationDetails [RemoteIpAddress=0:0:0:0:0:0:0:1, SessionId=CC0B0A868CEB04584BE277CE7346E2C1], Granted Authorities=[ROLE_USER]]] to HttpSession [org.apache.catalina.session.StandardSessionFacade@3fa3879e]
2025-05-24T17:39:32.568-05:00 DEBUG 61636 --- [Matricula] [http-nio-8080-exec-5] w.a.UsernamePasswordAuthenticationFilter : Set SecurityContextHolder to UsernamePasswordAuthenticationToken [Principal=org.springframework.security.core.userdetails.User [Username=admin, Password=[PROTECTED], Enabled=true, AccountNonExpired=true, CredentialsNonExpired=true, AccountNonLocked=true, Granted Authorities=[ROLE_USER]], Credentials=[PROTECTED], Authenticated=true, Details=WebAuthenticationDetails [RemoteIpAddress=0:0:0:0:0:0:0:1, SessionId=CC0B0A868CEB04584BE277CE7346E2C1], Granted Authorities=[ROLE_USER]]
2025-05-24T17:39:32.568-05:00 DEBUG 61636 --- [Matricula] [http-nio-8080-exec-5] o.s.s.web.DefaultRedirectStrategy        : Redirecting to /inicio
2025-05-24T17:39:32.572-05:00 DEBUG 61636 --- [Matricula] [http-nio-8080-exec-6] o.s.security.web.FilterChainProxy        : Securing GET /inicio
2025-05-24T17:39:32.572-05:00 DEBUG 61636 --- [Matricula] [http-nio-8080-exec-6] w.c.HttpSessionSecurityContextRepository : Retrieved SecurityContextImpl [Authentication=UsernamePasswordAuthenticationToken [Principal=org.springframework.security.core.userdetails.User [Username=admin, Password=[PROTECTED], Enabled=true, AccountNonExpired=true, CredentialsNonExpired=true, AccountNonLocked=true, Granted Authorities=[ROLE_USER]], Credentials=[PROTECTED], Authenticated=true, Details=WebAuthenticationDetails [RemoteIpAddress=0:0:0:0:0:0:0:1, SessionId=CC0B0A868CEB04584BE277CE7346E2C1], Granted Authorities=[ROLE_USER]]]
2025-05-24T17:39:32.572-05:00 DEBUG 61636 --- [Matricula] [http-nio-8080-exec-6] o.s.security.web.FilterChainProxy        : Secured GET /inicio
2025-05-24T17:39:32.590-05:00 DEBUG 61636 --- [Matricula] [http-nio-8080-exec-7] o.s.security.web.FilterChainProxy        : Securing GET /css/style.css
2025-05-24T17:39:32.590-05:00 DEBUG 61636 --- [Matricula] [http-nio-8080-exec-7] o.s.security.web.FilterChainProxy        : Secured GET /css/style.css
2025-05-24T17:39:32.598-05:00 DEBUG 61636 --- [Matricula] [http-nio-8080-exec-7] w.c.HttpSessionSecurityContextRepository : Retrieved SecurityContextImpl [Authentication=UsernamePasswordAuthenticationToken [Principal=org.springframework.security.core.userdetails.User [Username=admin, Password=[PROTECTED], Enabled=true, AccountNonExpired=true, CredentialsNonExpired=true, AccountNonLocked=true, Granted Authorities=[ROLE_USER]], Credentials=[PROTECTED], Authenticated=true, Details=WebAuthenticationDetails [RemoteIpAddress=0:0:0:0:0:0:0:1, SessionId=CC0B0A868CEB04584BE277CE7346E2C1], Granted Authorities=[ROLE_USER]]]
2025-05-24T17:45:20.257-05:00  INFO 61636 --- [Matricula] [SpringApplicationShutdownHook] o.s.b.w.e.tomcat.GracefulShutdown        : Commencing graceful shutdown. Waiting for active requests to complete
2025-05-24T17:45:20.263-05:00  INFO 61636 --- [Matricula] [tomcat-shutdown] o.s.b.w.e.tomcat.GracefulShutdown        : Graceful shutdown complete
2025-05-24T17:45:20.266-05:00  INFO 61636 --- [Matricula] [SpringApplicationShutdownHook] j.LocalContainerEntityManagerFactoryBean : Closing JPA EntityManagerFactory for persistence unit 'default'
2025-05-24T17:45:20.267-05:00  INFO 61636 --- [Matricula] [SpringApplicationShutdownHook] com.zaxxer.hikari.HikariDataSource       : HikariPool-1 - Shutdown initiated...
2025-05-24T17:45:20.270-05:00  INFO 61636 --- [Matricula] [SpringApplicationShutdownHook] com.zaxxer.hikari.HikariDataSource       : HikariPool-1 - Shutdown completed.
2025-05-24T17:45:46.397-05:00  INFO 83516 --- [Matricula] [main] com.matricula.MatriculaApplication       : Starting MatriculaApplication using Java 23.0.2 with PID 83516 (D:\My Drive\Isil\Ciclo IV\Proyecto Tecnologico\Proyectos\Matricula\target\classes started by jaimi in D:\My Drive\Isil\Ciclo IV\Proyecto Tecnologico\Proyectos\Matricula)
2025-05-24T17:45:46.401-05:00 DEBUG 83516 --- [Matricula] [main] com.matricula.MatriculaApplication       : Running with Spring Boot v3.4.4, Spring v6.2.5
2025-05-24T17:45:46.401-05:00  INFO 83516 --- [Matricula] [main] com.matricula.MatriculaApplication       : The following 1 profile is active: "dev"
2025-05-24T17:45:47.049-05:00  INFO 83516 --- [Matricula] [main] .s.d.r.c.RepositoryConfigurationDelegate : Bootstrapping Spring Data JPA repositories in DEFAULT mode.
2025-05-24T17:45:47.129-05:00  INFO 83516 --- [Matricula] [main] .s.d.r.c.RepositoryConfigurationDelegate : Finished Spring Data repository scanning in 72 ms. Found 2 JPA repository interfaces.
2025-05-24T17:45:47.581-05:00  INFO 83516 --- [Matricula] [main] o.s.b.w.embedded.tomcat.TomcatWebServer  : Tomcat initialized with port 8080 (http)
2025-05-24T17:45:47.623-05:00  INFO 83516 --- [Matricula] [main] o.apache.catalina.core.StandardService   : Starting service [Tomcat]
2025-05-24T17:45:47.623-05:00  INFO 83516 --- [Matricula] [main] o.apache.catalina.core.StandardEngine    : Starting Servlet engine: [Apache Tomcat/10.1.39]
2025-05-24T17:45:47.670-05:00  INFO 83516 --- [Matricula] [main] o.a.c.c.C.[Tomcat].[localhost].[/]       : Initializing Spring embedded WebApplicationContext
2025-05-24T17:45:47.670-05:00  INFO 83516 --- [Matricula] [main] w.s.c.ServletWebServerApplicationContext : Root WebApplicationContext: initialization completed in 1226 ms
2025-05-24T17:45:47.864-05:00  INFO 83516 --- [Matricula] [main] o.hibernate.jpa.internal.util.LogHelper  : HHH000204: Processing PersistenceUnitInfo [name: default]
2025-05-24T17:45:47.927-05:00  INFO 83516 --- [Matricula] [main] org.hibernate.Version                    : HHH000412: Hibernate ORM core version 6.6.11.Final
2025-05-24T17:45:47.973-05:00  INFO 83516 --- [Matricula] [main] o.h.c.internal.RegionFactoryInitiator    : HHH000026: Second-level cache disabled
2025-05-24T17:45:48.287-05:00  INFO 83516 --- [Matricula] [main] o.s.o.j.p.SpringPersistenceUnitInfo      : No LoadTimeWeaver setup: ignoring JPA class transformer
2025-05-24T17:45:48.318-05:00  INFO 83516 --- [Matricula] [main] com.zaxxer.hikari.HikariDataSource       : HikariPool-1 - Starting...
2025-05-24T17:45:48.553-05:00  INFO 83516 --- [Matricula] [main] com.zaxxer.hikari.pool.HikariPool        : HikariPool-1 - Added connection ConnectionID:1 ClientConnectionId: 1fbbbc87-cd9f-469b-a27d-84e75a3c2c9f
2025-05-24T17:45:48.556-05:00  INFO 83516 --- [Matricula] [main] com.zaxxer.hikari.HikariDataSource       : HikariPool-1 - Start completed.
2025-05-24T17:45:48.621-05:00  INFO 83516 --- [Matricula] [main] org.hibernate.orm.connections.pooling    : HHH10001005: Database info:
	Database JDBC URL [Connecting through datasource 'HikariDataSource (HikariPool-1)']
	Database driver: undefined/unknown
	Database version: 16.0
	Autocommit mode: undefined/unknown
	Isolation level: undefined/unknown
	Minimum pool size: undefined/unknown
	Maximum pool size: undefined/unknown
2025-05-24T17:45:49.487-05:00  INFO 83516 --- [Matricula] [main] o.h.e.t.j.p.i.JtaPlatformInitiator       : HHH000489: No JTA platform available (set 'hibernate.transaction.jta.platform' to enable JTA platform integration)
2025-05-24T17:45:49.795-05:00  INFO 83516 --- [Matricula] [main] j.LocalContainerEntityManagerFactoryBean : Initialized JPA EntityManagerFactory for persistence unit 'default'
2025-05-24T17:45:50.077-05:00  WARN 83516 --- [Matricula] [main] JpaBaseConfiguration$JpaWebConfiguration : spring.jpa.open-in-view is enabled by default. Therefore, database queries may be performed during view rendering. Explicitly configure spring.jpa.open-in-view to disable this warning
2025-05-24T17:45:50.099-05:00  INFO 83516 --- [Matricula] [main] eAuthenticationProviderManagerConfigurer : Global AuthenticationManager configured with AuthenticationProvider bean with name authenticationProvider
2025-05-24T17:45:50.101-05:00  WARN 83516 --- [Matricula] [main] r$InitializeUserDetailsManagerConfigurer : Global AuthenticationManager configured with an AuthenticationProvider bean. UserDetailsService beans will not be used by Spring Security for automatically configuring username/password login. Consider removing the AuthenticationProvider bean. Alternatively, consider using the UserDetailsService in a manually instantiated DaoAuthenticationProvider. If the current configuration is intentional, to turn off this warning, increase the logging level of 'org.springframework.security.config.annotation.authentication.configuration.InitializeUserDetailsBeanManagerConfigurer' to ERROR
2025-05-24T17:45:50.307-05:00 DEBUG 83516 --- [Matricula] [main] o.s.s.web.DefaultSecurityFilterChain     : Will secure any request with filters: DisableEncodeUrlFilter, WebAsyncManagerIntegrationFilter, SecurityContextHolderFilter, HeaderWriterFilter, CsrfFilter, LogoutFilter, UsernamePasswordAuthenticationFilter, RequestCacheAwareFilter, SecurityContextHolderAwareRequestFilter, AnonymousAuthenticationFilter, ExceptionTranslationFilter, AuthorizationFilter
2025-05-24T17:45:50.525-05:00  INFO 83516 --- [Matricula] [main] o.s.b.w.embedded.tomcat.TomcatWebServer  : Tomcat started on port 8080 (http) with context path '/'
2025-05-24T17:45:50.531-05:00  INFO 83516 --- [Matricula] [main] com.matricula.MatriculaApplication       : Started MatriculaApplication in 4.557 seconds (process running for 5.04)
2025-05-24T17:45:57.932-05:00  INFO 83516 --- [Matricula] [http-nio-8080-exec-1] o.a.c.c.C.[Tomcat].[localhost].[/]       : Initializing Spring DispatcherServlet 'dispatcherServlet'
2025-05-24T17:45:57.933-05:00  INFO 83516 --- [Matricula] [http-nio-8080-exec-1] o.s.web.servlet.DispatcherServlet        : Initializing Servlet 'dispatcherServlet'
2025-05-24T17:45:57.934-05:00  INFO 83516 --- [Matricula] [http-nio-8080-exec-1] o.s.web.servlet.DispatcherServlet        : Completed initialization in 1 ms
2025-05-24T17:45:57.952-05:00 DEBUG 83516 --- [Matricula] [http-nio-8080-exec-1] o.s.security.web.FilterChainProxy        : Securing GET /inicio
2025-05-24T17:45:57.962-05:00 DEBUG 83516 --- [Matricula] [http-nio-8080-exec-1] o.s.s.w.a.AnonymousAuthenticationFilter  : Set SecurityContextHolder to anonymous SecurityContext
2025-05-24T17:45:57.978-05:00 DEBUG 83516 --- [Matricula] [http-nio-8080-exec-1] o.s.s.w.s.HttpSessionRequestCache        : Saved request http://localhost:8080/inicio?continue to session
2025-05-24T17:45:57.979-05:00 DEBUG 83516 --- [Matricula] [http-nio-8080-exec-1] o.s.s.web.DefaultRedirectStrategy        : Redirecting to http://localhost:8080/login
2025-05-24T17:45:57.984-05:00 DEBUG 83516 --- [Matricula] [http-nio-8080-exec-2] o.s.security.web.FilterChainProxy        : Securing GET /login
2025-05-24T17:45:57.985-05:00 DEBUG 83516 --- [Matricula] [http-nio-8080-exec-2] o.s.security.web.FilterChainProxy        : Secured GET /login
2025-05-24T17:45:58.250-05:00 DEBUG 83516 --- [Matricula] [http-nio-8080-exec-2] o.s.s.w.a.AnonymousAuthenticationFilter  : Set SecurityContextHolder to anonymous SecurityContext
2025-05-24T17:45:58.258-05:00 DEBUG 83516 --- [Matricula] [http-nio-8080-exec-3] o.s.security.web.FilterChainProxy        : Securing GET /css/style.css
2025-05-24T17:45:58.258-05:00 DEBUG 83516 --- [Matricula] [http-nio-8080-exec-3] o.s.security.web.FilterChainProxy        : Secured GET /css/style.css
2025-05-24T17:45:58.271-05:00 DEBUG 83516 --- [Matricula] [http-nio-8080-exec-3] o.s.s.w.a.AnonymousAuthenticationFilter  : Set SecurityContextHolder to anonymous SecurityContext
2025-05-24T17:46:03.264-05:00 DEBUG 83516 --- [Matricula] [http-nio-8080-exec-4] o.s.security.web.FilterChainProxy        : Securing POST /login
2025-05-24T17:46:03.407-05:00 DEBUG 83516 --- [Matricula] [http-nio-8080-exec-4] o.s.s.a.dao.DaoAuthenticationProvider    : Authenticated user
2025-05-24T17:46:03.409-05:00 DEBUG 83516 --- [Matricula] [http-nio-8080-exec-4] .s.ChangeSessionIdAuthenticationStrategy : Changed session id from EBC457E20CD8ACB64A05ED458FC1445E
2025-05-24T17:46:03.409-05:00 DEBUG 83516 --- [Matricula] [http-nio-8080-exec-4] o.s.s.w.csrf.CsrfAuthenticationStrategy  : Replaced CSRF Token
2025-05-24T17:46:03.409-05:00 DEBUG 83516 --- [Matricula] [http-nio-8080-exec-4] w.c.HttpSessionSecurityContextRepository : Stored SecurityContextImpl [Authentication=UsernamePasswordAuthenticationToken [Principal=org.springframework.security.core.userdetails.User [Username=admin, Password=[PROTECTED], Enabled=true, AccountNonExpired=true, CredentialsNonExpired=true, AccountNonLocked=true, Granted Authorities=[ROLE_USER]], Credentials=[PROTECTED], Authenticated=true, Details=WebAuthenticationDetails [RemoteIpAddress=0:0:0:0:0:0:0:1, SessionId=EBC457E20CD8ACB64A05ED458FC1445E], Granted Authorities=[ROLE_USER]]] to HttpSession [org.apache.catalina.session.StandardSessionFacade@7fdcd9e0]
2025-05-24T17:46:03.409-05:00 DEBUG 83516 --- [Matricula] [http-nio-8080-exec-4] w.a.UsernamePasswordAuthenticationFilter : Set SecurityContextHolder to UsernamePasswordAuthenticationToken [Principal=org.springframework.security.core.userdetails.User [Username=admin, Password=[PROTECTED], Enabled=true, AccountNonExpired=true, CredentialsNonExpired=true, AccountNonLocked=true, Granted Authorities=[ROLE_USER]], Credentials=[PROTECTED], Authenticated=true, Details=WebAuthenticationDetails [RemoteIpAddress=0:0:0:0:0:0:0:1, SessionId=EBC457E20CD8ACB64A05ED458FC1445E], Granted Authorities=[ROLE_USER]]
2025-05-24T17:46:03.411-05:00 DEBUG 83516 --- [Matricula] [http-nio-8080-exec-4] o.s.s.web.DefaultRedirectStrategy        : Redirecting to /inicio
2025-05-24T17:46:03.414-05:00 DEBUG 83516 --- [Matricula] [http-nio-8080-exec-5] o.s.security.web.FilterChainProxy        : Securing GET /inicio
2025-05-24T17:46:03.414-05:00 DEBUG 83516 --- [Matricula] [http-nio-8080-exec-5] w.c.HttpSessionSecurityContextRepository : Retrieved SecurityContextImpl [Authentication=UsernamePasswordAuthenticationToken [Principal=org.springframework.security.core.userdetails.User [Username=admin, Password=[PROTECTED], Enabled=true, AccountNonExpired=true, CredentialsNonExpired=true, AccountNonLocked=true, Granted Authorities=[ROLE_USER]], Credentials=[PROTECTED], Authenticated=true, Details=WebAuthenticationDetails [RemoteIpAddress=0:0:0:0:0:0:0:1, SessionId=EBC457E20CD8ACB64A05ED458FC1445E], Granted Authorities=[ROLE_USER]]]
2025-05-24T17:46:03.415-05:00 DEBUG 83516 --- [Matricula] [http-nio-8080-exec-5] o.s.security.web.FilterChainProxy        : Secured GET /inicio
2025-05-24T17:46:03.439-05:00 DEBUG 83516 --- [Matricula] [http-nio-8080-exec-6] o.s.security.web.FilterChainProxy        : Securing GET /css/style.css
2025-05-24T17:46:03.439-05:00 DEBUG 83516 --- [Matricula] [http-nio-8080-exec-6] o.s.security.web.FilterChainProxy        : Secured GET /css/style.css
2025-05-24T17:46:03.440-05:00 DEBUG 83516 --- [Matricula] [http-nio-8080-exec-7] o.s.security.web.FilterChainProxy        : Securing GET /images/exit.png
2025-05-24T17:46:03.441-05:00 DEBUG 83516 --- [Matricula] [http-nio-8080-exec-7] o.s.security.web.FilterChainProxy        : Secured GET /images/exit.png
2025-05-24T17:46:03.447-05:00 DEBUG 83516 --- [Matricula] [http-nio-8080-exec-7] w.c.HttpSessionSecurityContextRepository : Retrieved SecurityContextImpl [Authentication=UsernamePasswordAuthenticationToken [Principal=org.springframework.security.core.userdetails.User [Username=admin, Password=[PROTECTED], Enabled=true, AccountNonExpired=true, CredentialsNonExpired=true, AccountNonLocked=true, Granted Authorities=[ROLE_USER]], Credentials=[PROTECTED], Authenticated=true, Details=WebAuthenticationDetails [RemoteIpAddress=0:0:0:0:0:0:0:1, SessionId=EBC457E20CD8ACB64A05ED458FC1445E], Granted Authorities=[ROLE_USER]]]
2025-05-24T17:46:03.448-05:00 DEBUG 83516 --- [Matricula] [http-nio-8080-exec-6] w.c.HttpSessionSecurityContextRepository : Retrieved SecurityContextImpl [Authentication=UsernamePasswordAuthenticationToken [Principal=org.springframework.security.core.userdetails.User [Username=admin, Password=[PROTECTED], Enabled=true, AccountNonExpired=true, CredentialsNonExpired=true, AccountNonLocked=true, Granted Authorities=[ROLE_USER]], Credentials=[PROTECTED], Authenticated=true, Details=WebAuthenticationDetails [RemoteIpAddress=0:0:0:0:0:0:0:1, SessionId=EBC457E20CD8ACB64A05ED458FC1445E], Granted Authorities=[ROLE_USER]]]
2025-05-24T17:46:03.453-05:00 DEBUG 83516 --- [Matricula] [http-nio-8080-exec-7] o.s.security.web.FilterChainProxy        : Securing GET /error
2025-05-24T17:46:03.455-05:00 DEBUG 83516 --- [Matricula] [http-nio-8080-exec-7] w.c.HttpSessionSecurityContextRepository : Retrieved SecurityContextImpl [Authentication=UsernamePasswordAuthenticationToken [Principal=org.springframework.security.core.userdetails.User [Username=admin, Password=[PROTECTED], Enabled=true, AccountNonExpired=true, CredentialsNonExpired=true, AccountNonLocked=true, Granted Authorities=[ROLE_USER]], Credentials=[PROTECTED], Authenticated=true, Details=WebAuthenticationDetails [RemoteIpAddress=0:0:0:0:0:0:0:1, SessionId=EBC457E20CD8ACB64A05ED458FC1445E], Granted Authorities=[ROLE_USER]]]
2025-05-24T17:46:03.455-05:00 DEBUG 83516 --- [Matricula] [http-nio-8080-exec-7] o.s.security.web.FilterChainProxy        : Secured GET /error
2025-05-24T17:46:06.365-05:00 DEBUG 83516 --- [Matricula] [http-nio-8080-exec-8] o.s.security.web.FilterChainProxy        : Securing GET /logout
2025-05-24T17:46:06.366-05:00 DEBUG 83516 --- [Matricula] [http-nio-8080-exec-8] w.c.HttpSessionSecurityContextRepository : Retrieved SecurityContextImpl [Authentication=UsernamePasswordAuthenticationToken [Principal=org.springframework.security.core.userdetails.User [Username=admin, Password=[PROTECTED], Enabled=true, AccountNonExpired=true, CredentialsNonExpired=true, AccountNonLocked=true, Granted Authorities=[ROLE_USER]], Credentials=[PROTECTED], Authenticated=true, Details=WebAuthenticationDetails [RemoteIpAddress=0:0:0:0:0:0:0:1, SessionId=EBC457E20CD8ACB64A05ED458FC1445E], Granted Authorities=[ROLE_USER]]]
2025-05-24T17:46:06.366-05:00 DEBUG 83516 --- [Matricula] [http-nio-8080-exec-8] o.s.security.web.FilterChainProxy        : Secured GET /logout
2025-05-24T17:46:06.371-05:00 DEBUG 83516 --- [Matricula] [http-nio-8080-exec-9] o.s.security.web.FilterChainProxy        : Securing GET /login
2025-05-24T17:46:06.373-05:00 DEBUG 83516 --- [Matricula] [http-nio-8080-exec-9] o.s.security.web.FilterChainProxy        : Secured GET /login
2025-05-24T17:46:06.375-05:00 DEBUG 83516 --- [Matricula] [http-nio-8080-exec-9] o.s.s.w.a.AnonymousAuthenticationFilter  : Set SecurityContextHolder to anonymous SecurityContext
2025-05-24T17:46:06.389-05:00 DEBUG 83516 --- [Matricula] [http-nio-8080-exec-10] o.s.security.web.FilterChainProxy        : Securing GET /css/style.css
2025-05-24T17:46:06.390-05:00 DEBUG 83516 --- [Matricula] [http-nio-8080-exec-10] o.s.security.web.FilterChainProxy        : Secured GET /css/style.css
2025-05-24T17:46:06.399-05:00 DEBUG 83516 --- [Matricula] [http-nio-8080-exec-10] o.s.s.w.a.AnonymousAuthenticationFilter  : Set SecurityContextHolder to anonymous SecurityContext
2025-05-24T17:52:02.364-05:00  INFO 83516 --- [Matricula] [SpringApplicationShutdownHook] o.s.b.w.e.tomcat.GracefulShutdown        : Commencing graceful shutdown. Waiting for active requests to complete
2025-05-24T17:52:02.369-05:00  INFO 83516 --- [Matricula] [tomcat-shutdown] o.s.b.w.e.tomcat.GracefulShutdown        : Graceful shutdown complete
2025-05-24T17:52:02.373-05:00  INFO 83516 --- [Matricula] [SpringApplicationShutdownHook] j.LocalContainerEntityManagerFactoryBean : Closing JPA EntityManagerFactory for persistence unit 'default'
2025-05-24T17:52:02.375-05:00  INFO 83516 --- [Matricula] [SpringApplicationShutdownHook] com.zaxxer.hikari.HikariDataSource       : HikariPool-1 - Shutdown initiated...
2025-05-24T17:52:02.377-05:00  INFO 83516 --- [Matricula] [SpringApplicationShutdownHook] com.zaxxer.hikari.HikariDataSource       : HikariPool-1 - Shutdown completed.
2025-05-24T17:52:08.255-05:00  INFO 29432 --- [Matricula] [main] com.matricula.MatriculaApplication       : Starting MatriculaApplication using Java 23.0.2 with PID 29432 (D:\My Drive\Isil\Ciclo IV\Proyecto Tecnologico\Proyectos\Matricula\target\classes started by jaimi in D:\My Drive\Isil\Ciclo IV\Proyecto Tecnologico\Proyectos\Matricula)
2025-05-24T17:52:08.260-05:00 DEBUG 29432 --- [Matricula] [main] com.matricula.MatriculaApplication       : Running with Spring Boot v3.4.4, Spring v6.2.5
2025-05-24T17:52:08.260-05:00  INFO 29432 --- [Matricula] [main] com.matricula.MatriculaApplication       : The following 1 profile is active: "dev"
2025-05-24T17:52:08.930-05:00  INFO 29432 --- [Matricula] [main] .s.d.r.c.RepositoryConfigurationDelegate : Bootstrapping Spring Data JPA repositories in DEFAULT mode.
2025-05-24T17:52:09.014-05:00  INFO 29432 --- [Matricula] [main] .s.d.r.c.RepositoryConfigurationDelegate : Finished Spring Data repository scanning in 75 ms. Found 2 JPA repository interfaces.
2025-05-24T17:52:09.453-05:00  INFO 29432 --- [Matricula] [main] o.s.b.w.embedded.tomcat.TomcatWebServer  : Tomcat initialized with port 8080 (http)
2025-05-24T17:52:09.465-05:00  INFO 29432 --- [Matricula] [main] o.apache.catalina.core.StandardService   : Starting service [Tomcat]
2025-05-24T17:52:09.465-05:00  INFO 29432 --- [Matricula] [main] o.apache.catalina.core.StandardEngine    : Starting Servlet engine: [Apache Tomcat/10.1.39]
2025-05-24T17:52:09.510-05:00  INFO 29432 --- [Matricula] [main] o.a.c.c.C.[Tomcat].[localhost].[/]       : Initializing Spring embedded WebApplicationContext
2025-05-24T17:52:09.511-05:00  INFO 29432 --- [Matricula] [main] w.s.c.ServletWebServerApplicationContext : Root WebApplicationContext: initialization completed in 1207 ms
2025-05-24T17:52:09.688-05:00  INFO 29432 --- [Matricula] [main] o.hibernate.jpa.internal.util.LogHelper  : HHH000204: Processing PersistenceUnitInfo [name: default]
2025-05-24T17:52:09.744-05:00  INFO 29432 --- [Matricula] [main] org.hibernate.Version                    : HHH000412: Hibernate ORM core version 6.6.11.Final
2025-05-24T17:52:09.778-05:00  INFO 29432 --- [Matricula] [main] o.h.c.internal.RegionFactoryInitiator    : HHH000026: Second-level cache disabled
2025-05-24T17:52:10.059-05:00  INFO 29432 --- [Matricula] [main] o.s.o.j.p.SpringPersistenceUnitInfo      : No LoadTimeWeaver setup: ignoring JPA class transformer
2025-05-24T17:52:10.089-05:00  INFO 29432 --- [Matricula] [main] com.zaxxer.hikari.HikariDataSource       : HikariPool-1 - Starting...
2025-05-24T17:52:10.319-05:00  INFO 29432 --- [Matricula] [main] com.zaxxer.hikari.pool.HikariPool        : HikariPool-1 - Added connection ConnectionID:1 ClientConnectionId: 072a31a2-4c8e-4482-a5b9-1cc4bd6d45eb
2025-05-24T17:52:10.320-05:00  INFO 29432 --- [Matricula] [main] com.zaxxer.hikari.HikariDataSource       : HikariPool-1 - Start completed.
2025-05-24T17:52:10.381-05:00  INFO 29432 --- [Matricula] [main] org.hibernate.orm.connections.pooling    : HHH10001005: Database info:
	Database JDBC URL [Connecting through datasource 'HikariDataSource (HikariPool-1)']
	Database driver: undefined/unknown
	Database version: 16.0
	Autocommit mode: undefined/unknown
	Isolation level: undefined/unknown
	Minimum pool size: undefined/unknown
	Maximum pool size: undefined/unknown
2025-05-24T17:52:11.252-05:00  INFO 29432 --- [Matricula] [main] o.h.e.t.j.p.i.JtaPlatformInitiator       : HHH000489: No JTA platform available (set 'hibernate.transaction.jta.platform' to enable JTA platform integration)
2025-05-24T17:52:11.724-05:00  INFO 29432 --- [Matricula] [main] j.LocalContainerEntityManagerFactoryBean : Initialized JPA EntityManagerFactory for persistence unit 'default'
2025-05-24T17:52:12.019-05:00  WARN 29432 --- [Matricula] [main] JpaBaseConfiguration$JpaWebConfiguration : spring.jpa.open-in-view is enabled by default. Therefore, database queries may be performed during view rendering. Explicitly configure spring.jpa.open-in-view to disable this warning
2025-05-24T17:52:12.041-05:00  INFO 29432 --- [Matricula] [main] eAuthenticationProviderManagerConfigurer : Global AuthenticationManager configured with AuthenticationProvider bean with name authenticationProvider
2025-05-24T17:52:12.041-05:00  WARN 29432 --- [Matricula] [main] r$InitializeUserDetailsManagerConfigurer : Global AuthenticationManager configured with an AuthenticationProvider bean. UserDetailsService beans will not be used by Spring Security for automatically configuring username/password login. Consider removing the AuthenticationProvider bean. Alternatively, consider using the UserDetailsService in a manually instantiated DaoAuthenticationProvider. If the current configuration is intentional, to turn off this warning, increase the logging level of 'org.springframework.security.config.annotation.authentication.configuration.InitializeUserDetailsBeanManagerConfigurer' to ERROR
2025-05-24T17:52:12.261-05:00 DEBUG 29432 --- [Matricula] [main] o.s.s.web.DefaultSecurityFilterChain     : Will secure any request with filters: DisableEncodeUrlFilter, WebAsyncManagerIntegrationFilter, SecurityContextHolderFilter, HeaderWriterFilter, CsrfFilter, LogoutFilter, UsernamePasswordAuthenticationFilter, RequestCacheAwareFilter, SecurityContextHolderAwareRequestFilter, AnonymousAuthenticationFilter, ExceptionTranslationFilter, AuthorizationFilter
2025-05-24T17:52:12.479-05:00  INFO 29432 --- [Matricula] [main] o.s.b.w.embedded.tomcat.TomcatWebServer  : Tomcat started on port 8080 (http) with context path '/'
2025-05-24T17:52:12.484-05:00  INFO 29432 --- [Matricula] [main] com.matricula.MatriculaApplication       : Started MatriculaApplication in 4.665 seconds (process running for 5.136)
2025-05-24T17:52:17.812-05:00  INFO 29432 --- [Matricula] [http-nio-8080-exec-1] o.a.c.c.C.[Tomcat].[localhost].[/]       : Initializing Spring DispatcherServlet 'dispatcherServlet'
2025-05-24T17:52:17.812-05:00  INFO 29432 --- [Matricula] [http-nio-8080-exec-1] o.s.web.servlet.DispatcherServlet        : Initializing Servlet 'dispatcherServlet'
2025-05-24T17:52:17.814-05:00  INFO 29432 --- [Matricula] [http-nio-8080-exec-1] o.s.web.servlet.DispatcherServlet        : Completed initialization in 2 ms
2025-05-24T17:52:17.835-05:00 DEBUG 29432 --- [Matricula] [http-nio-8080-exec-1] o.s.security.web.FilterChainProxy        : Securing GET /inicio
2025-05-24T17:52:17.847-05:00 DEBUG 29432 --- [Matricula] [http-nio-8080-exec-1] o.s.s.w.a.AnonymousAuthenticationFilter  : Set SecurityContextHolder to anonymous SecurityContext
2025-05-24T17:52:17.879-05:00 DEBUG 29432 --- [Matricula] [http-nio-8080-exec-1] o.s.s.w.s.HttpSessionRequestCache        : Saved request http://localhost:8080/inicio?continue to session
2025-05-24T17:52:17.879-05:00 DEBUG 29432 --- [Matricula] [http-nio-8080-exec-1] o.s.s.web.DefaultRedirectStrategy        : Redirecting to http://localhost:8080/login
2025-05-24T17:52:17.884-05:00 DEBUG 29432 --- [Matricula] [http-nio-8080-exec-2] o.s.security.web.FilterChainProxy        : Securing GET /login
2025-05-24T17:52:17.889-05:00 DEBUG 29432 --- [Matricula] [http-nio-8080-exec-2] o.s.security.web.FilterChainProxy        : Secured GET /login
2025-05-24T17:52:18.170-05:00 DEBUG 29432 --- [Matricula] [http-nio-8080-exec-2] o.s.s.w.a.AnonymousAuthenticationFilter  : Set SecurityContextHolder to anonymous SecurityContext
2025-05-24T17:52:18.177-05:00 DEBUG 29432 --- [Matricula] [http-nio-8080-exec-3] o.s.security.web.FilterChainProxy        : Securing GET /css/style.css
2025-05-24T17:52:18.177-05:00 DEBUG 29432 --- [Matricula] [http-nio-8080-exec-3] o.s.security.web.FilterChainProxy        : Secured GET /css/style.css
2025-05-24T17:52:18.190-05:00 DEBUG 29432 --- [Matricula] [http-nio-8080-exec-3] o.s.s.w.a.AnonymousAuthenticationFilter  : Set SecurityContextHolder to anonymous SecurityContext
2025-05-24T17:52:23.047-05:00 DEBUG 29432 --- [Matricula] [http-nio-8080-exec-4] o.s.security.web.FilterChainProxy        : Securing POST /login
2025-05-24T17:52:23.196-05:00 DEBUG 29432 --- [Matricula] [http-nio-8080-exec-4] o.s.s.a.dao.DaoAuthenticationProvider    : Authenticated user
2025-05-24T17:52:23.197-05:00 DEBUG 29432 --- [Matricula] [http-nio-8080-exec-4] .s.ChangeSessionIdAuthenticationStrategy : Changed session id from 471032060C256393D7A1A52E706A1105
2025-05-24T17:52:23.197-05:00 DEBUG 29432 --- [Matricula] [http-nio-8080-exec-4] o.s.s.w.csrf.CsrfAuthenticationStrategy  : Replaced CSRF Token
2025-05-24T17:52:23.198-05:00 DEBUG 29432 --- [Matricula] [http-nio-8080-exec-4] w.c.HttpSessionSecurityContextRepository : Stored SecurityContextImpl [Authentication=UsernamePasswordAuthenticationToken [Principal=org.springframework.security.core.userdetails.User [Username=admin, Password=[PROTECTED], Enabled=true, AccountNonExpired=true, CredentialsNonExpired=true, AccountNonLocked=true, Granted Authorities=[ROLE_USER]], Credentials=[PROTECTED], Authenticated=true, Details=WebAuthenticationDetails [RemoteIpAddress=0:0:0:0:0:0:0:1, SessionId=471032060C256393D7A1A52E706A1105], Granted Authorities=[ROLE_USER]]] to HttpSession [org.apache.catalina.session.StandardSessionFacade@374ac7a5]
2025-05-24T17:52:23.199-05:00 DEBUG 29432 --- [Matricula] [http-nio-8080-exec-4] w.a.UsernamePasswordAuthenticationFilter : Set SecurityContextHolder to UsernamePasswordAuthenticationToken [Principal=org.springframework.security.core.userdetails.User [Username=admin, Password=[PROTECTED], Enabled=true, AccountNonExpired=true, CredentialsNonExpired=true, AccountNonLocked=true, Granted Authorities=[ROLE_USER]], Credentials=[PROTECTED], Authenticated=true, Details=WebAuthenticationDetails [RemoteIpAddress=0:0:0:0:0:0:0:1, SessionId=471032060C256393D7A1A52E706A1105], Granted Authorities=[ROLE_USER]]
2025-05-24T17:52:23.199-05:00 DEBUG 29432 --- [Matricula] [http-nio-8080-exec-4] o.s.s.web.DefaultRedirectStrategy        : Redirecting to /inicio
2025-05-24T17:52:23.202-05:00 DEBUG 29432 --- [Matricula] [http-nio-8080-exec-5] o.s.security.web.FilterChainProxy        : Securing GET /inicio
2025-05-24T17:52:23.203-05:00 DEBUG 29432 --- [Matricula] [http-nio-8080-exec-5] w.c.HttpSessionSecurityContextRepository : Retrieved SecurityContextImpl [Authentication=UsernamePasswordAuthenticationToken [Principal=org.springframework.security.core.userdetails.User [Username=admin, Password=[PROTECTED], Enabled=true, AccountNonExpired=true, CredentialsNonExpired=true, AccountNonLocked=true, Granted Authorities=[ROLE_USER]], Credentials=[PROTECTED], Authenticated=true, Details=WebAuthenticationDetails [RemoteIpAddress=0:0:0:0:0:0:0:1, SessionId=471032060C256393D7A1A52E706A1105], Granted Authorities=[ROLE_USER]]]
2025-05-24T17:52:23.203-05:00 DEBUG 29432 --- [Matricula] [http-nio-8080-exec-5] o.s.security.web.FilterChainProxy        : Secured GET /inicio
2025-05-24T17:52:23.229-05:00 DEBUG 29432 --- [Matricula] [http-nio-8080-exec-6] o.s.security.web.FilterChainProxy        : Securing GET /css/style.css
2025-05-24T17:52:23.229-05:00 DEBUG 29432 --- [Matricula] [http-nio-8080-exec-6] o.s.security.web.FilterChainProxy        : Secured GET /css/style.css
2025-05-24T17:52:23.229-05:00 DEBUG 29432 --- [Matricula] [http-nio-8080-exec-7] o.s.security.web.FilterChainProxy        : Securing GET /images/exit.png
2025-05-24T17:52:23.230-05:00 DEBUG 29432 --- [Matricula] [http-nio-8080-exec-7] o.s.security.web.FilterChainProxy        : Secured GET /images/exit.png
2025-05-24T17:52:23.236-05:00 DEBUG 29432 --- [Matricula] [http-nio-8080-exec-7] w.c.HttpSessionSecurityContextRepository : Retrieved SecurityContextImpl [Authentication=UsernamePasswordAuthenticationToken [Principal=org.springframework.security.core.userdetails.User [Username=admin, Password=[PROTECTED], Enabled=true, AccountNonExpired=true, CredentialsNonExpired=true, AccountNonLocked=true, Granted Authorities=[ROLE_USER]], Credentials=[PROTECTED], Authenticated=true, Details=WebAuthenticationDetails [RemoteIpAddress=0:0:0:0:0:0:0:1, SessionId=471032060C256393D7A1A52E706A1105], Granted Authorities=[ROLE_USER]]]
2025-05-24T17:52:23.238-05:00 DEBUG 29432 --- [Matricula] [http-nio-8080-exec-6] w.c.HttpSessionSecurityContextRepository : Retrieved SecurityContextImpl [Authentication=UsernamePasswordAuthenticationToken [Principal=org.springframework.security.core.userdetails.User [Username=admin, Password=[PROTECTED], Enabled=true, AccountNonExpired=true, CredentialsNonExpired=true, AccountNonLocked=true, Granted Authorities=[ROLE_USER]], Credentials=[PROTECTED], Authenticated=true, Details=WebAuthenticationDetails [RemoteIpAddress=0:0:0:0:0:0:0:1, SessionId=471032060C256393D7A1A52E706A1105], Granted Authorities=[ROLE_USER]]]
2025-05-24T17:52:23.243-05:00 DEBUG 29432 --- [Matricula] [http-nio-8080-exec-7] o.s.security.web.FilterChainProxy        : Securing GET /error
2025-05-24T17:52:23.244-05:00 DEBUG 29432 --- [Matricula] [http-nio-8080-exec-7] w.c.HttpSessionSecurityContextRepository : Retrieved SecurityContextImpl [Authentication=UsernamePasswordAuthenticationToken [Principal=org.springframework.security.core.userdetails.User [Username=admin, Password=[PROTECTED], Enabled=true, AccountNonExpired=true, CredentialsNonExpired=true, AccountNonLocked=true, Granted Authorities=[ROLE_USER]], Credentials=[PROTECTED], Authenticated=true, Details=WebAuthenticationDetails [RemoteIpAddress=0:0:0:0:0:0:0:1, SessionId=471032060C256393D7A1A52E706A1105], Granted Authorities=[ROLE_USER]]]
2025-05-24T17:52:23.244-05:00 DEBUG 29432 --- [Matricula] [http-nio-8080-exec-7] o.s.security.web.FilterChainProxy        : Secured GET /error
2025-05-24T17:52:26.345-05:00 DEBUG 29432 --- [Matricula] [http-nio-8080-exec-8] o.s.security.web.FilterChainProxy        : Securing GET /logout
2025-05-24T17:52:26.346-05:00 DEBUG 29432 --- [Matricula] [http-nio-8080-exec-8] w.c.HttpSessionSecurityContextRepository : Retrieved SecurityContextImpl [Authentication=UsernamePasswordAuthenticationToken [Principal=org.springframework.security.core.userdetails.User [Username=admin, Password=[PROTECTED], Enabled=true, AccountNonExpired=true, CredentialsNonExpired=true, AccountNonLocked=true, Granted Authorities=[ROLE_USER]], Credentials=[PROTECTED], Authenticated=true, Details=WebAuthenticationDetails [RemoteIpAddress=0:0:0:0:0:0:0:1, SessionId=471032060C256393D7A1A52E706A1105], Granted Authorities=[ROLE_USER]]]
2025-05-24T17:52:26.346-05:00 DEBUG 29432 --- [Matricula] [http-nio-8080-exec-8] o.s.security.web.FilterChainProxy        : Secured GET /logout
2025-05-24T17:52:26.352-05:00 DEBUG 29432 --- [Matricula] [http-nio-8080-exec-9] o.s.security.web.FilterChainProxy        : Securing GET /login
2025-05-24T17:52:26.352-05:00 DEBUG 29432 --- [Matricula] [http-nio-8080-exec-9] o.s.security.web.FilterChainProxy        : Secured GET /login
2025-05-24T17:52:26.355-05:00 DEBUG 29432 --- [Matricula] [http-nio-8080-exec-9] o.s.s.w.a.AnonymousAuthenticationFilter  : Set SecurityContextHolder to anonymous SecurityContext
2025-05-24T17:52:26.374-05:00 DEBUG 29432 --- [Matricula] [http-nio-8080-exec-10] o.s.security.web.FilterChainProxy        : Securing GET /css/style.css
2025-05-24T17:52:26.375-05:00 DEBUG 29432 --- [Matricula] [http-nio-8080-exec-10] o.s.security.web.FilterChainProxy        : Secured GET /css/style.css
2025-05-24T17:52:26.383-05:00 DEBUG 29432 --- [Matricula] [http-nio-8080-exec-10] o.s.s.w.a.AnonymousAuthenticationFilter  : Set SecurityContextHolder to anonymous SecurityContext
2025-05-24T17:52:29.747-05:00  INFO 29432 --- [Matricula] [SpringApplicationShutdownHook] o.s.b.w.e.tomcat.GracefulShutdown        : Commencing graceful shutdown. Waiting for active requests to complete
2025-05-24T17:52:29.753-05:00  INFO 29432 --- [Matricula] [tomcat-shutdown] o.s.b.w.e.tomcat.GracefulShutdown        : Graceful shutdown complete
2025-05-24T17:52:29.757-05:00  INFO 29432 --- [Matricula] [SpringApplicationShutdownHook] j.LocalContainerEntityManagerFactoryBean : Closing JPA EntityManagerFactory for persistence unit 'default'
2025-05-24T17:52:29.758-05:00  INFO 29432 --- [Matricula] [SpringApplicationShutdownHook] com.zaxxer.hikari.HikariDataSource       : HikariPool-1 - Shutdown initiated...
2025-05-24T17:52:29.761-05:00  INFO 29432 --- [Matricula] [SpringApplicationShutdownHook] com.zaxxer.hikari.HikariDataSource       : HikariPool-1 - Shutdown completed.
2025-05-24T17:53:04.351-05:00  INFO 41564 --- [Matricula] [main] com.matricula.MatriculaApplication       : Starting MatriculaApplication using Java 23.0.2 with PID 41564 (D:\My Drive\Isil\Ciclo IV\Proyecto Tecnologico\Proyectos\Matricula\target\classes started by jaimi in D:\My Drive\Isil\Ciclo IV\Proyecto Tecnologico\Proyectos\Matricula)
2025-05-24T17:53:04.356-05:00 DEBUG 41564 --- [Matricula] [main] com.matricula.MatriculaApplication       : Running with Spring Boot v3.4.4, Spring v6.2.5
2025-05-24T17:53:04.356-05:00  INFO 41564 --- [Matricula] [main] com.matricula.MatriculaApplication       : The following 1 profile is active: "dev"
2025-05-24T17:53:05.004-05:00  INFO 41564 --- [Matricula] [main] .s.d.r.c.RepositoryConfigurationDelegate : Bootstrapping Spring Data JPA repositories in DEFAULT mode.
2025-05-24T17:53:05.097-05:00  INFO 41564 --- [Matricula] [main] .s.d.r.c.RepositoryConfigurationDelegate : Finished Spring Data repository scanning in 85 ms. Found 2 JPA repository interfaces.
2025-05-24T17:53:05.550-05:00  INFO 41564 --- [Matricula] [main] o.s.b.w.embedded.tomcat.TomcatWebServer  : Tomcat initialized with port 8080 (http)
2025-05-24T17:53:05.562-05:00  INFO 41564 --- [Matricula] [main] o.apache.catalina.core.StandardService   : Starting service [Tomcat]
2025-05-24T17:53:05.563-05:00  INFO 41564 --- [Matricula] [main] o.apache.catalina.core.StandardEngine    : Starting Servlet engine: [Apache Tomcat/10.1.39]
2025-05-24T17:53:05.604-05:00  INFO 41564 --- [Matricula] [main] o.a.c.c.C.[Tomcat].[localhost].[/]       : Initializing Spring embedded WebApplicationContext
2025-05-24T17:53:05.605-05:00  INFO 41564 --- [Matricula] [main] w.s.c.ServletWebServerApplicationContext : Root WebApplicationContext: initialization completed in 1206 ms
2025-05-24T17:53:05.781-05:00  INFO 41564 --- [Matricula] [main] o.hibernate.jpa.internal.util.LogHelper  : HHH000204: Processing PersistenceUnitInfo [name: default]
2025-05-24T17:53:05.840-05:00  INFO 41564 --- [Matricula] [main] org.hibernate.Version                    : HHH000412: Hibernate ORM core version 6.6.11.Final
2025-05-24T17:53:05.880-05:00  INFO 41564 --- [Matricula] [main] o.h.c.internal.RegionFactoryInitiator    : HHH000026: Second-level cache disabled
2025-05-24T17:53:06.162-05:00  INFO 41564 --- [Matricula] [main] o.s.o.j.p.SpringPersistenceUnitInfo      : No LoadTimeWeaver setup: ignoring JPA class transformer
2025-05-24T17:53:06.192-05:00  INFO 41564 --- [Matricula] [main] com.zaxxer.hikari.HikariDataSource       : HikariPool-1 - Starting...
2025-05-24T17:53:06.425-05:00  INFO 41564 --- [Matricula] [main] com.zaxxer.hikari.pool.HikariPool        : HikariPool-1 - Added connection ConnectionID:1 ClientConnectionId: bcf34c88-b0a2-4c86-bfaf-7a4bbeeeb671
2025-05-24T17:53:06.427-05:00  INFO 41564 --- [Matricula] [main] com.zaxxer.hikari.HikariDataSource       : HikariPool-1 - Start completed.
2025-05-24T17:53:06.497-05:00  INFO 41564 --- [Matricula] [main] org.hibernate.orm.connections.pooling    : HHH10001005: Database info:
	Database JDBC URL [Connecting through datasource 'HikariDataSource (HikariPool-1)']
	Database driver: undefined/unknown
	Database version: 16.0
	Autocommit mode: undefined/unknown
	Isolation level: undefined/unknown
	Minimum pool size: undefined/unknown
	Maximum pool size: undefined/unknown
2025-05-24T17:53:07.364-05:00  INFO 41564 --- [Matricula] [main] o.h.e.t.j.p.i.JtaPlatformInitiator       : HHH000489: No JTA platform available (set 'hibernate.transaction.jta.platform' to enable JTA platform integration)
2025-05-24T17:53:07.672-05:00  INFO 41564 --- [Matricula] [main] j.LocalContainerEntityManagerFactoryBean : Initialized JPA EntityManagerFactory for persistence unit 'default'
2025-05-24T17:53:07.954-05:00  WARN 41564 --- [Matricula] [main] JpaBaseConfiguration$JpaWebConfiguration : spring.jpa.open-in-view is enabled by default. Therefore, database queries may be performed during view rendering. Explicitly configure spring.jpa.open-in-view to disable this warning
2025-05-24T17:53:07.978-05:00  INFO 41564 --- [Matricula] [main] eAuthenticationProviderManagerConfigurer : Global AuthenticationManager configured with AuthenticationProvider bean with name authenticationProvider
2025-05-24T17:53:07.979-05:00  WARN 41564 --- [Matricula] [main] r$InitializeUserDetailsManagerConfigurer : Global AuthenticationManager configured with an AuthenticationProvider bean. UserDetailsService beans will not be used by Spring Security for automatically configuring username/password login. Consider removing the AuthenticationProvider bean. Alternatively, consider using the UserDetailsService in a manually instantiated DaoAuthenticationProvider. If the current configuration is intentional, to turn off this warning, increase the logging level of 'org.springframework.security.config.annotation.authentication.configuration.InitializeUserDetailsBeanManagerConfigurer' to ERROR
2025-05-24T17:53:08.186-05:00 DEBUG 41564 --- [Matricula] [main] o.s.s.web.DefaultSecurityFilterChain     : Will secure any request with filters: DisableEncodeUrlFilter, WebAsyncManagerIntegrationFilter, SecurityContextHolderFilter, HeaderWriterFilter, CsrfFilter, LogoutFilter, UsernamePasswordAuthenticationFilter, RequestCacheAwareFilter, SecurityContextHolderAwareRequestFilter, AnonymousAuthenticationFilter, ExceptionTranslationFilter, AuthorizationFilter
2025-05-24T17:53:08.402-05:00  INFO 41564 --- [Matricula] [main] o.s.b.w.embedded.tomcat.TomcatWebServer  : Tomcat started on port 8080 (http) with context path '/'
2025-05-24T17:53:08.408-05:00  INFO 41564 --- [Matricula] [main] com.matricula.MatriculaApplication       : Started MatriculaApplication in 4.486 seconds (process running for 4.951)
2025-05-24T17:53:26.759-05:00  INFO 41564 --- [Matricula] [http-nio-8080-exec-1] o.a.c.c.C.[Tomcat].[localhost].[/]       : Initializing Spring DispatcherServlet 'dispatcherServlet'
2025-05-24T17:53:26.759-05:00  INFO 41564 --- [Matricula] [http-nio-8080-exec-1] o.s.web.servlet.DispatcherServlet        : Initializing Servlet 'dispatcherServlet'
2025-05-24T17:53:26.760-05:00  INFO 41564 --- [Matricula] [http-nio-8080-exec-1] o.s.web.servlet.DispatcherServlet        : Completed initialization in 0 ms
2025-05-24T17:53:26.779-05:00 DEBUG 41564 --- [Matricula] [http-nio-8080-exec-1] o.s.security.web.FilterChainProxy        : Securing GET /inicio
2025-05-24T17:53:26.789-05:00 DEBUG 41564 --- [Matricula] [http-nio-8080-exec-1] o.s.s.w.a.AnonymousAuthenticationFilter  : Set SecurityContextHolder to anonymous SecurityContext
2025-05-24T17:53:26.805-05:00 DEBUG 41564 --- [Matricula] [http-nio-8080-exec-1] o.s.s.w.s.HttpSessionRequestCache        : Saved request http://localhost:8080/inicio?continue to session
2025-05-24T17:53:26.806-05:00 DEBUG 41564 --- [Matricula] [http-nio-8080-exec-1] o.s.s.web.DefaultRedirectStrategy        : Redirecting to http://localhost:8080/login
2025-05-24T17:53:26.810-05:00 DEBUG 41564 --- [Matricula] [http-nio-8080-exec-2] o.s.security.web.FilterChainProxy        : Securing GET /login
2025-05-24T17:53:26.811-05:00 DEBUG 41564 --- [Matricula] [http-nio-8080-exec-2] o.s.security.web.FilterChainProxy        : Secured GET /login
2025-05-24T17:53:27.075-05:00 DEBUG 41564 --- [Matricula] [http-nio-8080-exec-2] o.s.s.w.a.AnonymousAuthenticationFilter  : Set SecurityContextHolder to anonymous SecurityContext
2025-05-24T17:53:27.084-05:00 DEBUG 41564 --- [Matricula] [http-nio-8080-exec-3] o.s.security.web.FilterChainProxy        : Securing GET /css/style.css
2025-05-24T17:53:27.084-05:00 DEBUG 41564 --- [Matricula] [http-nio-8080-exec-3] o.s.security.web.FilterChainProxy        : Secured GET /css/style.css
2025-05-24T17:53:27.097-05:00 DEBUG 41564 --- [Matricula] [http-nio-8080-exec-3] o.s.s.w.a.AnonymousAuthenticationFilter  : Set SecurityContextHolder to anonymous SecurityContext
2025-05-24T17:53:31.582-05:00 DEBUG 41564 --- [Matricula] [http-nio-8080-exec-4] o.s.security.web.FilterChainProxy        : Securing POST /login
2025-05-24T17:53:31.734-05:00 DEBUG 41564 --- [Matricula] [http-nio-8080-exec-4] o.s.s.a.dao.DaoAuthenticationProvider    : Authenticated user
2025-05-24T17:53:31.735-05:00 DEBUG 41564 --- [Matricula] [http-nio-8080-exec-4] .s.ChangeSessionIdAuthenticationStrategy : Changed session id from 81D009587FF0556C00D0DC0D1E425CE0
2025-05-24T17:53:31.735-05:00 DEBUG 41564 --- [Matricula] [http-nio-8080-exec-4] o.s.s.w.csrf.CsrfAuthenticationStrategy  : Replaced CSRF Token
2025-05-24T17:53:31.736-05:00 DEBUG 41564 --- [Matricula] [http-nio-8080-exec-4] w.c.HttpSessionSecurityContextRepository : Stored SecurityContextImpl [Authentication=UsernamePasswordAuthenticationToken [Principal=org.springframework.security.core.userdetails.User [Username=admin, Password=[PROTECTED], Enabled=true, AccountNonExpired=true, CredentialsNonExpired=true, AccountNonLocked=true, Granted Authorities=[ROLE_USER]], Credentials=[PROTECTED], Authenticated=true, Details=WebAuthenticationDetails [RemoteIpAddress=0:0:0:0:0:0:0:1, SessionId=81D009587FF0556C00D0DC0D1E425CE0], Granted Authorities=[ROLE_USER]]] to HttpSession [org.apache.catalina.session.StandardSessionFacade@68392a5e]
2025-05-24T17:53:31.737-05:00 DEBUG 41564 --- [Matricula] [http-nio-8080-exec-4] w.a.UsernamePasswordAuthenticationFilter : Set SecurityContextHolder to UsernamePasswordAuthenticationToken [Principal=org.springframework.security.core.userdetails.User [Username=admin, Password=[PROTECTED], Enabled=true, AccountNonExpired=true, CredentialsNonExpired=true, AccountNonLocked=true, Granted Authorities=[ROLE_USER]], Credentials=[PROTECTED], Authenticated=true, Details=WebAuthenticationDetails [RemoteIpAddress=0:0:0:0:0:0:0:1, SessionId=81D009587FF0556C00D0DC0D1E425CE0], Granted Authorities=[ROLE_USER]]
2025-05-24T17:53:31.737-05:00 DEBUG 41564 --- [Matricula] [http-nio-8080-exec-4] o.s.s.web.DefaultRedirectStrategy        : Redirecting to /inicio
2025-05-24T17:53:31.740-05:00 DEBUG 41564 --- [Matricula] [http-nio-8080-exec-5] o.s.security.web.FilterChainProxy        : Securing GET /inicio
2025-05-24T17:53:31.741-05:00 DEBUG 41564 --- [Matricula] [http-nio-8080-exec-5] w.c.HttpSessionSecurityContextRepository : Retrieved SecurityContextImpl [Authentication=UsernamePasswordAuthenticationToken [Principal=org.springframework.security.core.userdetails.User [Username=admin, Password=[PROTECTED], Enabled=true, AccountNonExpired=true, CredentialsNonExpired=true, AccountNonLocked=true, Granted Authorities=[ROLE_USER]], Credentials=[PROTECTED], Authenticated=true, Details=WebAuthenticationDetails [RemoteIpAddress=0:0:0:0:0:0:0:1, SessionId=81D009587FF0556C00D0DC0D1E425CE0], Granted Authorities=[ROLE_USER]]]
2025-05-24T17:53:31.741-05:00 DEBUG 41564 --- [Matricula] [http-nio-8080-exec-5] o.s.security.web.FilterChainProxy        : Secured GET /inicio
2025-05-24T17:53:31.768-05:00 DEBUG 41564 --- [Matricula] [http-nio-8080-exec-6] o.s.security.web.FilterChainProxy        : Securing GET /css/style.css
2025-05-24T17:53:31.769-05:00 DEBUG 41564 --- [Matricula] [http-nio-8080-exec-6] o.s.security.web.FilterChainProxy        : Secured GET /css/style.css
2025-05-24T17:53:31.769-05:00 DEBUG 41564 --- [Matricula] [http-nio-8080-exec-7] o.s.security.web.FilterChainProxy        : Securing GET /images/exit.png
2025-05-24T17:53:31.770-05:00 DEBUG 41564 --- [Matricula] [http-nio-8080-exec-7] o.s.security.web.FilterChainProxy        : Secured GET /images/exit.png
2025-05-24T17:53:31.776-05:00 DEBUG 41564 --- [Matricula] [http-nio-8080-exec-7] w.c.HttpSessionSecurityContextRepository : Retrieved SecurityContextImpl [Authentication=UsernamePasswordAuthenticationToken [Principal=org.springframework.security.core.userdetails.User [Username=admin, Password=[PROTECTED], Enabled=true, AccountNonExpired=true, CredentialsNonExpired=true, AccountNonLocked=true, Granted Authorities=[ROLE_USER]], Credentials=[PROTECTED], Authenticated=true, Details=WebAuthenticationDetails [RemoteIpAddress=0:0:0:0:0:0:0:1, SessionId=81D009587FF0556C00D0DC0D1E425CE0], Granted Authorities=[ROLE_USER]]]
2025-05-24T17:53:31.777-05:00 DEBUG 41564 --- [Matricula] [http-nio-8080-exec-6] w.c.HttpSessionSecurityContextRepository : Retrieved SecurityContextImpl [Authentication=UsernamePasswordAuthenticationToken [Principal=org.springframework.security.core.userdetails.User [Username=admin, Password=[PROTECTED], Enabled=true, AccountNonExpired=true, CredentialsNonExpired=true, AccountNonLocked=true, Granted Authorities=[ROLE_USER]], Credentials=[PROTECTED], Authenticated=true, Details=WebAuthenticationDetails [RemoteIpAddress=0:0:0:0:0:0:0:1, SessionId=81D009587FF0556C00D0DC0D1E425CE0], Granted Authorities=[ROLE_USER]]]
2025-05-24T17:53:31.783-05:00 DEBUG 41564 --- [Matricula] [http-nio-8080-exec-7] o.s.security.web.FilterChainProxy        : Securing GET /error
2025-05-24T17:53:31.783-05:00 DEBUG 41564 --- [Matricula] [http-nio-8080-exec-7] w.c.HttpSessionSecurityContextRepository : Retrieved SecurityContextImpl [Authentication=UsernamePasswordAuthenticationToken [Principal=org.springframework.security.core.userdetails.User [Username=admin, Password=[PROTECTED], Enabled=true, AccountNonExpired=true, CredentialsNonExpired=true, AccountNonLocked=true, Granted Authorities=[ROLE_USER]], Credentials=[PROTECTED], Authenticated=true, Details=WebAuthenticationDetails [RemoteIpAddress=0:0:0:0:0:0:0:1, SessionId=81D009587FF0556C00D0DC0D1E425CE0], Granted Authorities=[ROLE_USER]]]
2025-05-24T17:53:31.783-05:00 DEBUG 41564 --- [Matricula] [http-nio-8080-exec-7] o.s.security.web.FilterChainProxy        : Secured GET /error
2025-05-24T17:53:35.017-05:00 DEBUG 41564 --- [Matricula] [http-nio-8080-exec-8] o.s.security.web.FilterChainProxy        : Securing GET /logout
2025-05-24T17:53:35.018-05:00 DEBUG 41564 --- [Matricula] [http-nio-8080-exec-8] w.c.HttpSessionSecurityContextRepository : Retrieved SecurityContextImpl [Authentication=UsernamePasswordAuthenticationToken [Principal=org.springframework.security.core.userdetails.User [Username=admin, Password=[PROTECTED], Enabled=true, AccountNonExpired=true, CredentialsNonExpired=true, AccountNonLocked=true, Granted Authorities=[ROLE_USER]], Credentials=[PROTECTED], Authenticated=true, Details=WebAuthenticationDetails [RemoteIpAddress=0:0:0:0:0:0:0:1, SessionId=81D009587FF0556C00D0DC0D1E425CE0], Granted Authorities=[ROLE_USER]]]
2025-05-24T17:53:35.018-05:00 DEBUG 41564 --- [Matricula] [http-nio-8080-exec-8] o.s.security.web.FilterChainProxy        : Secured GET /logout
2025-05-24T17:53:35.024-05:00 DEBUG 41564 --- [Matricula] [http-nio-8080-exec-9] o.s.security.web.FilterChainProxy        : Securing GET /login
2025-05-24T17:53:35.024-05:00 DEBUG 41564 --- [Matricula] [http-nio-8080-exec-9] o.s.security.web.FilterChainProxy        : Secured GET /login
2025-05-24T17:53:35.027-05:00 DEBUG 41564 --- [Matricula] [http-nio-8080-exec-9] o.s.s.w.a.AnonymousAuthenticationFilter  : Set SecurityContextHolder to anonymous SecurityContext
2025-05-24T17:53:35.042-05:00 DEBUG 41564 --- [Matricula] [http-nio-8080-exec-10] o.s.security.web.FilterChainProxy        : Securing GET /css/style.css
2025-05-24T17:53:35.043-05:00 DEBUG 41564 --- [Matricula] [http-nio-8080-exec-10] o.s.security.web.FilterChainProxy        : Secured GET /css/style.css
2025-05-24T17:53:35.052-05:00 DEBUG 41564 --- [Matricula] [http-nio-8080-exec-10] o.s.s.w.a.AnonymousAuthenticationFilter  : Set SecurityContextHolder to anonymous SecurityContext
2025-05-24T17:53:41.373-05:00  INFO 41564 --- [Matricula] [SpringApplicationShutdownHook] o.s.b.w.e.tomcat.GracefulShutdown        : Commencing graceful shutdown. Waiting for active requests to complete
2025-05-24T17:53:41.379-05:00  INFO 41564 --- [Matricula] [tomcat-shutdown] o.s.b.w.e.tomcat.GracefulShutdown        : Graceful shutdown complete
2025-05-24T17:53:41.382-05:00  INFO 41564 --- [Matricula] [SpringApplicationShutdownHook] j.LocalContainerEntityManagerFactoryBean : Closing JPA EntityManagerFactory for persistence unit 'default'
2025-05-24T17:53:41.383-05:00  INFO 41564 --- [Matricula] [SpringApplicationShutdownHook] com.zaxxer.hikari.HikariDataSource       : HikariPool-1 - Shutdown initiated...
2025-05-24T17:53:41.386-05:00  INFO 41564 --- [Matricula] [SpringApplicationShutdownHook] com.zaxxer.hikari.HikariDataSource       : HikariPool-1 - Shutdown completed.
2025-05-24T18:00:19.374-05:00  INFO 53768 --- [Matricula] [main] com.matricula.MatriculaApplication       : Starting MatriculaApplication using Java 23.0.2 with PID 53768 (D:\My Drive\Isil\Ciclo IV\Proyecto Tecnologico\Proyectos\Matricula\target\classes started by jaimi in D:\My Drive\Isil\Ciclo IV\Proyecto Tecnologico\Proyectos\Matricula)
2025-05-24T18:00:19.380-05:00 DEBUG 53768 --- [Matricula] [main] com.matricula.MatriculaApplication       : Running with Spring Boot v3.4.4, Spring v6.2.5
2025-05-24T18:00:19.381-05:00  INFO 53768 --- [Matricula] [main] com.matricula.MatriculaApplication       : The following 1 profile is active: "dev"
2025-05-24T18:00:20.093-05:00  INFO 53768 --- [Matricula] [main] .s.d.r.c.RepositoryConfigurationDelegate : Bootstrapping Spring Data JPA repositories in DEFAULT mode.
2025-05-24T18:00:20.188-05:00  INFO 53768 --- [Matricula] [main] .s.d.r.c.RepositoryConfigurationDelegate : Finished Spring Data repository scanning in 84 ms. Found 2 JPA repository interfaces.
2025-05-24T18:00:20.632-05:00  INFO 53768 --- [Matricula] [main] o.s.b.w.embedded.tomcat.TomcatWebServer  : Tomcat initialized with port 8080 (http)
2025-05-24T18:00:20.644-05:00  INFO 53768 --- [Matricula] [main] o.apache.catalina.core.StandardService   : Starting service [Tomcat]
2025-05-24T18:00:20.645-05:00  INFO 53768 --- [Matricula] [main] o.apache.catalina.core.StandardEngine    : Starting Servlet engine: [Apache Tomcat/10.1.39]
2025-05-24T18:00:20.687-05:00  INFO 53768 --- [Matricula] [main] o.a.c.c.C.[Tomcat].[localhost].[/]       : Initializing Spring embedded WebApplicationContext
2025-05-24T18:00:20.687-05:00  INFO 53768 --- [Matricula] [main] w.s.c.ServletWebServerApplicationContext : Root WebApplicationContext: initialization completed in 1264 ms
2025-05-24T18:00:20.885-05:00  INFO 53768 --- [Matricula] [main] o.hibernate.jpa.internal.util.LogHelper  : HHH000204: Processing PersistenceUnitInfo [name: default]
2025-05-24T18:00:20.941-05:00  INFO 53768 --- [Matricula] [main] org.hibernate.Version                    : HHH000412: Hibernate ORM core version 6.6.11.Final
2025-05-24T18:00:20.975-05:00  INFO 53768 --- [Matricula] [main] o.h.c.internal.RegionFactoryInitiator    : HHH000026: Second-level cache disabled
2025-05-24T18:00:21.260-05:00  INFO 53768 --- [Matricula] [main] o.s.o.j.p.SpringPersistenceUnitInfo      : No LoadTimeWeaver setup: ignoring JPA class transformer
2025-05-24T18:00:21.290-05:00  INFO 53768 --- [Matricula] [main] com.zaxxer.hikari.HikariDataSource       : HikariPool-1 - Starting...
2025-05-24T18:00:21.521-05:00  INFO 53768 --- [Matricula] [main] com.zaxxer.hikari.pool.HikariPool        : HikariPool-1 - Added connection ConnectionID:1 ClientConnectionId: 99fae65a-ac25-4ff5-b5c4-ff7f84ed8267
2025-05-24T18:00:21.523-05:00  INFO 53768 --- [Matricula] [main] com.zaxxer.hikari.HikariDataSource       : HikariPool-1 - Start completed.
2025-05-24T18:00:21.588-05:00  INFO 53768 --- [Matricula] [main] org.hibernate.orm.connections.pooling    : HHH10001005: Database info:
	Database JDBC URL [Connecting through datasource 'HikariDataSource (HikariPool-1)']
	Database driver: undefined/unknown
	Database version: 16.0
	Autocommit mode: undefined/unknown
	Isolation level: undefined/unknown
	Minimum pool size: undefined/unknown
	Maximum pool size: undefined/unknown
2025-05-24T18:00:22.419-05:00  INFO 53768 --- [Matricula] [main] o.h.e.t.j.p.i.JtaPlatformInitiator       : HHH000489: No JTA platform available (set 'hibernate.transaction.jta.platform' to enable JTA platform integration)
2025-05-24T18:00:22.722-05:00  INFO 53768 --- [Matricula] [main] j.LocalContainerEntityManagerFactoryBean : Initialized JPA EntityManagerFactory for persistence unit 'default'
2025-05-24T18:00:23.010-05:00  WARN 53768 --- [Matricula] [main] JpaBaseConfiguration$JpaWebConfiguration : spring.jpa.open-in-view is enabled by default. Therefore, database queries may be performed during view rendering. Explicitly configure spring.jpa.open-in-view to disable this warning
2025-05-24T18:00:23.030-05:00  INFO 53768 --- [Matricula] [main] eAuthenticationProviderManagerConfigurer : Global AuthenticationManager configured with AuthenticationProvider bean with name authenticationProvider
2025-05-24T18:00:23.031-05:00  WARN 53768 --- [Matricula] [main] r$InitializeUserDetailsManagerConfigurer : Global AuthenticationManager configured with an AuthenticationProvider bean. UserDetailsService beans will not be used by Spring Security for automatically configuring username/password login. Consider removing the AuthenticationProvider bean. Alternatively, consider using the UserDetailsService in a manually instantiated DaoAuthenticationProvider. If the current configuration is intentional, to turn off this warning, increase the logging level of 'org.springframework.security.config.annotation.authentication.configuration.InitializeUserDetailsBeanManagerConfigurer' to ERROR
2025-05-24T18:00:23.239-05:00 DEBUG 53768 --- [Matricula] [main] o.s.s.web.DefaultSecurityFilterChain     : Will secure any request with filters: DisableEncodeUrlFilter, WebAsyncManagerIntegrationFilter, SecurityContextHolderFilter, HeaderWriterFilter, CsrfFilter, LogoutFilter, UsernamePasswordAuthenticationFilter, RequestCacheAwareFilter, SecurityContextHolderAwareRequestFilter, AnonymousAuthenticationFilter, ExceptionTranslationFilter, AuthorizationFilter
2025-05-24T18:00:23.446-05:00  INFO 53768 --- [Matricula] [main] o.s.b.w.embedded.tomcat.TomcatWebServer  : Tomcat started on port 8080 (http) with context path '/'
2025-05-24T18:00:23.452-05:00  INFO 53768 --- [Matricula] [main] com.matricula.MatriculaApplication       : Started MatriculaApplication in 4.5 seconds (process running for 4.958)
2025-05-24T18:00:28.624-05:00  INFO 53768 --- [Matricula] [http-nio-8080-exec-1] o.a.c.c.C.[Tomcat].[localhost].[/]       : Initializing Spring DispatcherServlet 'dispatcherServlet'
2025-05-24T18:00:28.626-05:00  INFO 53768 --- [Matricula] [http-nio-8080-exec-1] o.s.web.servlet.DispatcherServlet        : Initializing Servlet 'dispatcherServlet'
2025-05-24T18:00:28.626-05:00  INFO 53768 --- [Matricula] [http-nio-8080-exec-1] o.s.web.servlet.DispatcherServlet        : Completed initialization in 0 ms
2025-05-24T18:00:28.644-05:00 DEBUG 53768 --- [Matricula] [http-nio-8080-exec-1] o.s.security.web.FilterChainProxy        : Securing GET /inicio
2025-05-24T18:00:28.655-05:00 DEBUG 53768 --- [Matricula] [http-nio-8080-exec-1] o.s.s.w.a.AnonymousAuthenticationFilter  : Set SecurityContextHolder to anonymous SecurityContext
2025-05-24T18:00:28.669-05:00 DEBUG 53768 --- [Matricula] [http-nio-8080-exec-1] o.s.s.w.s.HttpSessionRequestCache        : Saved request http://localhost:8080/inicio?continue to session
2025-05-24T18:00:28.670-05:00 DEBUG 53768 --- [Matricula] [http-nio-8080-exec-1] o.s.s.web.DefaultRedirectStrategy        : Redirecting to http://localhost:8080/login
2025-05-24T18:00:28.675-05:00 DEBUG 53768 --- [Matricula] [http-nio-8080-exec-2] o.s.security.web.FilterChainProxy        : Securing GET /login
2025-05-24T18:00:28.675-05:00 DEBUG 53768 --- [Matricula] [http-nio-8080-exec-2] o.s.security.web.FilterChainProxy        : Secured GET /login
2025-05-24T18:00:28.946-05:00 DEBUG 53768 --- [Matricula] [http-nio-8080-exec-2] o.s.s.w.a.AnonymousAuthenticationFilter  : Set SecurityContextHolder to anonymous SecurityContext
2025-05-24T18:00:28.953-05:00 DEBUG 53768 --- [Matricula] [http-nio-8080-exec-3] o.s.security.web.FilterChainProxy        : Securing GET /css/style.css
2025-05-24T18:00:28.953-05:00 DEBUG 53768 --- [Matricula] [http-nio-8080-exec-3] o.s.security.web.FilterChainProxy        : Secured GET /css/style.css
2025-05-24T18:00:28.967-05:00 DEBUG 53768 --- [Matricula] [http-nio-8080-exec-3] o.s.s.w.a.AnonymousAuthenticationFilter  : Set SecurityContextHolder to anonymous SecurityContext
2025-05-24T18:00:35.656-05:00 DEBUG 53768 --- [Matricula] [http-nio-8080-exec-4] o.s.security.web.FilterChainProxy        : Securing POST /login
2025-05-24T18:00:35.791-05:00 DEBUG 53768 --- [Matricula] [http-nio-8080-exec-4] o.s.s.a.dao.DaoAuthenticationProvider    : Authenticated user
2025-05-24T18:00:35.792-05:00 DEBUG 53768 --- [Matricula] [http-nio-8080-exec-4] .s.ChangeSessionIdAuthenticationStrategy : Changed session id from 670E22D49751E1E3C1ED7FA2784CD1EB
2025-05-24T18:00:35.792-05:00 DEBUG 53768 --- [Matricula] [http-nio-8080-exec-4] o.s.s.w.csrf.CsrfAuthenticationStrategy  : Replaced CSRF Token
2025-05-24T18:00:35.793-05:00 DEBUG 53768 --- [Matricula] [http-nio-8080-exec-4] w.c.HttpSessionSecurityContextRepository : Stored SecurityContextImpl [Authentication=UsernamePasswordAuthenticationToken [Principal=org.springframework.security.core.userdetails.User [Username=admin, Password=[PROTECTED], Enabled=true, AccountNonExpired=true, CredentialsNonExpired=true, AccountNonLocked=true, Granted Authorities=[ROLE_USER]], Credentials=[PROTECTED], Authenticated=true, Details=WebAuthenticationDetails [RemoteIpAddress=0:0:0:0:0:0:0:1, SessionId=670E22D49751E1E3C1ED7FA2784CD1EB], Granted Authorities=[ROLE_USER]]] to HttpSession [org.apache.catalina.session.StandardSessionFacade@6f1012d6]
2025-05-24T18:00:35.793-05:00 DEBUG 53768 --- [Matricula] [http-nio-8080-exec-4] w.a.UsernamePasswordAuthenticationFilter : Set SecurityContextHolder to UsernamePasswordAuthenticationToken [Principal=org.springframework.security.core.userdetails.User [Username=admin, Password=[PROTECTED], Enabled=true, AccountNonExpired=true, CredentialsNonExpired=true, AccountNonLocked=true, Granted Authorities=[ROLE_USER]], Credentials=[PROTECTED], Authenticated=true, Details=WebAuthenticationDetails [RemoteIpAddress=0:0:0:0:0:0:0:1, SessionId=670E22D49751E1E3C1ED7FA2784CD1EB], Granted Authorities=[ROLE_USER]]
2025-05-24T18:00:35.794-05:00 DEBUG 53768 --- [Matricula] [http-nio-8080-exec-4] o.s.s.web.DefaultRedirectStrategy        : Redirecting to /inicio
2025-05-24T18:00:35.797-05:00 DEBUG 53768 --- [Matricula] [http-nio-8080-exec-5] o.s.security.web.FilterChainProxy        : Securing GET /inicio
2025-05-24T18:00:35.797-05:00 DEBUG 53768 --- [Matricula] [http-nio-8080-exec-5] w.c.HttpSessionSecurityContextRepository : Retrieved SecurityContextImpl [Authentication=UsernamePasswordAuthenticationToken [Principal=org.springframework.security.core.userdetails.User [Username=admin, Password=[PROTECTED], Enabled=true, AccountNonExpired=true, CredentialsNonExpired=true, AccountNonLocked=true, Granted Authorities=[ROLE_USER]], Credentials=[PROTECTED], Authenticated=true, Details=WebAuthenticationDetails [RemoteIpAddress=0:0:0:0:0:0:0:1, SessionId=670E22D49751E1E3C1ED7FA2784CD1EB], Granted Authorities=[ROLE_USER]]]
2025-05-24T18:00:35.797-05:00 DEBUG 53768 --- [Matricula] [http-nio-8080-exec-5] o.s.security.web.FilterChainProxy        : Secured GET /inicio
2025-05-24T18:00:35.824-05:00 DEBUG 53768 --- [Matricula] [http-nio-8080-exec-6] o.s.security.web.FilterChainProxy        : Securing GET /css/style.css
2025-05-24T18:00:35.824-05:00 DEBUG 53768 --- [Matricula] [http-nio-8080-exec-6] o.s.security.web.FilterChainProxy        : Secured GET /css/style.css
2025-05-24T18:00:35.825-05:00 DEBUG 53768 --- [Matricula] [http-nio-8080-exec-7] o.s.security.web.FilterChainProxy        : Securing GET /css/images/exit.png
2025-05-24T18:00:35.825-05:00 DEBUG 53768 --- [Matricula] [http-nio-8080-exec-7] o.s.security.web.FilterChainProxy        : Secured GET /css/images/exit.png
2025-05-24T18:00:35.834-05:00 DEBUG 53768 --- [Matricula] [http-nio-8080-exec-7] w.c.HttpSessionSecurityContextRepository : Retrieved SecurityContextImpl [Authentication=UsernamePasswordAuthenticationToken [Principal=org.springframework.security.core.userdetails.User [Username=admin, Password=[PROTECTED], Enabled=true, AccountNonExpired=true, CredentialsNonExpired=true, AccountNonLocked=true, Granted Authorities=[ROLE_USER]], Credentials=[PROTECTED], Authenticated=true, Details=WebAuthenticationDetails [RemoteIpAddress=0:0:0:0:0:0:0:1, SessionId=670E22D49751E1E3C1ED7FA2784CD1EB], Granted Authorities=[ROLE_USER]]]
2025-05-24T18:00:35.834-05:00 DEBUG 53768 --- [Matricula] [http-nio-8080-exec-6] w.c.HttpSessionSecurityContextRepository : Retrieved SecurityContextImpl [Authentication=UsernamePasswordAuthenticationToken [Principal=org.springframework.security.core.userdetails.User [Username=admin, Password=[PROTECTED], Enabled=true, AccountNonExpired=true, CredentialsNonExpired=true, AccountNonLocked=true, Granted Authorities=[ROLE_USER]], Credentials=[PROTECTED], Authenticated=true, Details=WebAuthenticationDetails [RemoteIpAddress=0:0:0:0:0:0:0:1, SessionId=670E22D49751E1E3C1ED7FA2784CD1EB], Granted Authorities=[ROLE_USER]]]
2025-05-24T18:02:58.086-05:00 DEBUG 53768 --- [Matricula] [http-nio-8080-exec-10] o.s.security.web.FilterChainProxy        : Securing GET /
2025-05-24T18:02:58.087-05:00 DEBUG 53768 --- [Matricula] [http-nio-8080-exec-10] o.s.s.w.a.AnonymousAuthenticationFilter  : Set SecurityContextHolder to anonymous SecurityContext
2025-05-24T18:02:58.088-05:00 DEBUG 53768 --- [Matricula] [http-nio-8080-exec-10] o.s.s.w.s.HttpSessionRequestCache        : Saved request http://192.168.18.36:8080/?continue to session
2025-05-24T18:02:58.088-05:00 DEBUG 53768 --- [Matricula] [http-nio-8080-exec-10] o.s.s.web.DefaultRedirectStrategy        : Redirecting to http://192.168.18.36:8080/login
2025-05-24T18:02:58.098-05:00 DEBUG 53768 --- [Matricula] [http-nio-8080-exec-1] o.s.security.web.FilterChainProxy        : Securing GET /login
2025-05-24T18:02:58.099-05:00 DEBUG 53768 --- [Matricula] [http-nio-8080-exec-1] o.s.security.web.FilterChainProxy        : Secured GET /login
2025-05-24T18:02:58.101-05:00 DEBUG 53768 --- [Matricula] [http-nio-8080-exec-1] o.s.s.w.a.AnonymousAuthenticationFilter  : Set SecurityContextHolder to anonymous SecurityContext
2025-05-24T18:03:04.518-05:00  INFO 53768 --- [Matricula] [SpringApplicationShutdownHook] o.s.b.w.e.tomcat.GracefulShutdown        : Commencing graceful shutdown. Waiting for active requests to complete
2025-05-24T18:03:04.524-05:00  INFO 53768 --- [Matricula] [tomcat-shutdown] o.s.b.w.e.tomcat.GracefulShutdown        : Graceful shutdown complete
2025-05-24T18:03:04.528-05:00  INFO 53768 --- [Matricula] [SpringApplicationShutdownHook] j.LocalContainerEntityManagerFactoryBean : Closing JPA EntityManagerFactory for persistence unit 'default'
2025-05-24T18:03:04.530-05:00  INFO 53768 --- [Matricula] [SpringApplicationShutdownHook] com.zaxxer.hikari.HikariDataSource       : HikariPool-1 - Shutdown initiated...
2025-05-24T18:03:04.532-05:00  INFO 53768 --- [Matricula] [SpringApplicationShutdownHook] com.zaxxer.hikari.HikariDataSource       : HikariPool-1 - Shutdown completed.
2025-05-24T18:09:56.588-05:00  INFO 86896 --- [Matricula] [main] com.matricula.MatriculaApplication       : Starting MatriculaApplication using Java 23.0.2 with PID 86896 (D:\My Drive\Isil\Ciclo IV\Proyecto Tecnologico\Proyectos\Matricula\target\classes started by jaimi in D:\My Drive\Isil\Ciclo IV\Proyecto Tecnologico\Proyectos\Matricula)
2025-05-24T18:09:56.593-05:00 DEBUG 86896 --- [Matricula] [main] com.matricula.MatriculaApplication       : Running with Spring Boot v3.4.4, Spring v6.2.5
2025-05-24T18:09:56.594-05:00  INFO 86896 --- [Matricula] [main] com.matricula.MatriculaApplication       : The following 1 profile is active: "dev"
2025-05-24T18:09:57.350-05:00  INFO 86896 --- [Matricula] [main] .s.d.r.c.RepositoryConfigurationDelegate : Bootstrapping Spring Data JPA repositories in DEFAULT mode.
2025-05-24T18:09:57.443-05:00  INFO 86896 --- [Matricula] [main] .s.d.r.c.RepositoryConfigurationDelegate : Finished Spring Data repository scanning in 83 ms. Found 2 JPA repository interfaces.
2025-05-24T18:09:57.909-05:00  INFO 86896 --- [Matricula] [main] o.s.b.w.embedded.tomcat.TomcatWebServer  : Tomcat initialized with port 8080 (http)
2025-05-24T18:09:57.920-05:00  INFO 86896 --- [Matricula] [main] o.apache.catalina.core.StandardService   : Starting service [Tomcat]
2025-05-24T18:09:57.920-05:00  INFO 86896 --- [Matricula] [main] o.apache.catalina.core.StandardEngine    : Starting Servlet engine: [Apache Tomcat/10.1.39]
2025-05-24T18:09:57.962-05:00  INFO 86896 --- [Matricula] [main] o.a.c.c.C.[Tomcat].[localhost].[/]       : Initializing Spring embedded WebApplicationContext
2025-05-24T18:09:57.963-05:00  INFO 86896 --- [Matricula] [main] w.s.c.ServletWebServerApplicationContext : Root WebApplicationContext: initialization completed in 1320 ms
2025-05-24T18:09:58.142-05:00  INFO 86896 --- [Matricula] [main] o.hibernate.jpa.internal.util.LogHelper  : HHH000204: Processing PersistenceUnitInfo [name: default]
2025-05-24T18:09:58.203-05:00  INFO 86896 --- [Matricula] [main] org.hibernate.Version                    : HHH000412: Hibernate ORM core version 6.6.11.Final
2025-05-24T18:09:58.240-05:00  INFO 86896 --- [Matricula] [main] o.h.c.internal.RegionFactoryInitiator    : HHH000026: Second-level cache disabled
2025-05-24T18:09:58.519-05:00  INFO 86896 --- [Matricula] [main] o.s.o.j.p.SpringPersistenceUnitInfo      : No LoadTimeWeaver setup: ignoring JPA class transformer
2025-05-24T18:09:58.551-05:00  INFO 86896 --- [Matricula] [main] com.zaxxer.hikari.HikariDataSource       : HikariPool-1 - Starting...
2025-05-24T18:09:58.787-05:00  INFO 86896 --- [Matricula] [main] com.zaxxer.hikari.pool.HikariPool        : HikariPool-1 - Added connection ConnectionID:1 ClientConnectionId: 6ad53488-4ec7-414f-b6c5-6528b39a4af2
2025-05-24T18:09:58.789-05:00  INFO 86896 --- [Matricula] [main] com.zaxxer.hikari.HikariDataSource       : HikariPool-1 - Start completed.
2025-05-24T18:09:58.852-05:00  INFO 86896 --- [Matricula] [main] org.hibernate.orm.connections.pooling    : HHH10001005: Database info:
	Database JDBC URL [Connecting through datasource 'HikariDataSource (HikariPool-1)']
	Database driver: undefined/unknown
	Database version: 16.0
	Autocommit mode: undefined/unknown
	Isolation level: undefined/unknown
	Minimum pool size: undefined/unknown
	Maximum pool size: undefined/unknown
2025-05-24T18:09:59.707-05:00  INFO 86896 --- [Matricula] [main] o.h.e.t.j.p.i.JtaPlatformInitiator       : HHH000489: No JTA platform available (set 'hibernate.transaction.jta.platform' to enable JTA platform integration)
2025-05-24T18:10:00.124-05:00  INFO 86896 --- [Matricula] [main] j.LocalContainerEntityManagerFactoryBean : Initialized JPA EntityManagerFactory for persistence unit 'default'
2025-05-24T18:10:00.407-05:00  WARN 86896 --- [Matricula] [main] JpaBaseConfiguration$JpaWebConfiguration : spring.jpa.open-in-view is enabled by default. Therefore, database queries may be performed during view rendering. Explicitly configure spring.jpa.open-in-view to disable this warning
2025-05-24T18:10:00.427-05:00  INFO 86896 --- [Matricula] [main] eAuthenticationProviderManagerConfigurer : Global AuthenticationManager configured with AuthenticationProvider bean with name authenticationProvider
2025-05-24T18:10:00.428-05:00  WARN 86896 --- [Matricula] [main] r$InitializeUserDetailsManagerConfigurer : Global AuthenticationManager configured with an AuthenticationProvider bean. UserDetailsService beans will not be used by Spring Security for automatically configuring username/password login. Consider removing the AuthenticationProvider bean. Alternatively, consider using the UserDetailsService in a manually instantiated DaoAuthenticationProvider. If the current configuration is intentional, to turn off this warning, increase the logging level of 'org.springframework.security.config.annotation.authentication.configuration.InitializeUserDetailsBeanManagerConfigurer' to ERROR
2025-05-24T18:10:00.659-05:00 DEBUG 86896 --- [Matricula] [main] o.s.s.web.DefaultSecurityFilterChain     : Will secure any request with filters: DisableEncodeUrlFilter, WebAsyncManagerIntegrationFilter, SecurityContextHolderFilter, HeaderWriterFilter, CsrfFilter, LogoutFilter, UsernamePasswordAuthenticationFilter, RequestCacheAwareFilter, SecurityContextHolderAwareRequestFilter, AnonymousAuthenticationFilter, ExceptionTranslationFilter, AuthorizationFilter
2025-05-24T18:10:00.874-05:00  INFO 86896 --- [Matricula] [main] o.s.b.w.embedded.tomcat.TomcatWebServer  : Tomcat started on port 8080 (http) with context path '/'
2025-05-24T18:10:00.881-05:00  INFO 86896 --- [Matricula] [main] com.matricula.MatriculaApplication       : Started MatriculaApplication in 4.724 seconds (process running for 5.179)
2025-05-24T18:10:08.311-05:00  INFO 86896 --- [Matricula] [http-nio-8080-exec-1] o.a.c.c.C.[Tomcat].[localhost].[/]       : Initializing Spring DispatcherServlet 'dispatcherServlet'
2025-05-24T18:10:08.311-05:00  INFO 86896 --- [Matricula] [http-nio-8080-exec-1] o.s.web.servlet.DispatcherServlet        : Initializing Servlet 'dispatcherServlet'
2025-05-24T18:10:08.312-05:00  INFO 86896 --- [Matricula] [http-nio-8080-exec-1] o.s.web.servlet.DispatcherServlet        : Completed initialization in 1 ms
2025-05-24T18:10:08.329-05:00 DEBUG 86896 --- [Matricula] [http-nio-8080-exec-1] o.s.security.web.FilterChainProxy        : Securing GET /inicio
2025-05-24T18:10:08.338-05:00 DEBUG 86896 --- [Matricula] [http-nio-8080-exec-1] o.s.s.w.a.AnonymousAuthenticationFilter  : Set SecurityContextHolder to anonymous SecurityContext
2025-05-24T18:10:08.355-05:00 DEBUG 86896 --- [Matricula] [http-nio-8080-exec-1] o.s.s.w.s.HttpSessionRequestCache        : Saved request http://localhost:8080/inicio?continue to session
2025-05-24T18:10:08.356-05:00 DEBUG 86896 --- [Matricula] [http-nio-8080-exec-1] o.s.s.web.DefaultRedirectStrategy        : Redirecting to http://localhost:8080/login
2025-05-24T18:10:08.360-05:00 DEBUG 86896 --- [Matricula] [http-nio-8080-exec-2] o.s.security.web.FilterChainProxy        : Securing GET /login
2025-05-24T18:10:08.361-05:00 DEBUG 86896 --- [Matricula] [http-nio-8080-exec-2] o.s.security.web.FilterChainProxy        : Secured GET /login
2025-05-24T18:10:08.678-05:00 DEBUG 86896 --- [Matricula] [http-nio-8080-exec-2] o.s.s.w.a.AnonymousAuthenticationFilter  : Set SecurityContextHolder to anonymous SecurityContext
2025-05-24T18:10:08.693-05:00 DEBUG 86896 --- [Matricula] [http-nio-8080-exec-3] o.s.security.web.FilterChainProxy        : Securing GET /css/style.css
2025-05-24T18:10:08.693-05:00 DEBUG 86896 --- [Matricula] [http-nio-8080-exec-3] o.s.security.web.FilterChainProxy        : Secured GET /css/style.css
2025-05-24T18:10:08.709-05:00 DEBUG 86896 --- [Matricula] [http-nio-8080-exec-3] o.s.s.w.a.AnonymousAuthenticationFilter  : Set SecurityContextHolder to anonymous SecurityContext
2025-05-24T18:10:13.732-05:00 DEBUG 86896 --- [Matricula] [http-nio-8080-exec-4] o.s.security.web.FilterChainProxy        : Securing POST /login
2025-05-24T18:10:13.872-05:00 DEBUG 86896 --- [Matricula] [http-nio-8080-exec-4] o.s.s.a.dao.DaoAuthenticationProvider    : Authenticated user
2025-05-24T18:10:13.873-05:00 DEBUG 86896 --- [Matricula] [http-nio-8080-exec-4] .s.ChangeSessionIdAuthenticationStrategy : Changed session id from 81B33E5DD6A1A7D39D789006533D74FF
2025-05-24T18:10:13.873-05:00 DEBUG 86896 --- [Matricula] [http-nio-8080-exec-4] o.s.s.w.csrf.CsrfAuthenticationStrategy  : Replaced CSRF Token
2025-05-24T18:10:13.874-05:00 DEBUG 86896 --- [Matricula] [http-nio-8080-exec-4] w.c.HttpSessionSecurityContextRepository : Stored SecurityContextImpl [Authentication=UsernamePasswordAuthenticationToken [Principal=org.springframework.security.core.userdetails.User [Username=admin, Password=[PROTECTED], Enabled=true, AccountNonExpired=true, CredentialsNonExpired=true, AccountNonLocked=true, Granted Authorities=[ROLE_USER]], Credentials=[PROTECTED], Authenticated=true, Details=WebAuthenticationDetails [RemoteIpAddress=0:0:0:0:0:0:0:1, SessionId=81B33E5DD6A1A7D39D789006533D74FF], Granted Authorities=[ROLE_USER]]] to HttpSession [org.apache.catalina.session.StandardSessionFacade@66ca478]
2025-05-24T18:10:13.875-05:00 DEBUG 86896 --- [Matricula] [http-nio-8080-exec-4] w.a.UsernamePasswordAuthenticationFilter : Set SecurityContextHolder to UsernamePasswordAuthenticationToken [Principal=org.springframework.security.core.userdetails.User [Username=admin, Password=[PROTECTED], Enabled=true, AccountNonExpired=true, CredentialsNonExpired=true, AccountNonLocked=true, Granted Authorities=[ROLE_USER]], Credentials=[PROTECTED], Authenticated=true, Details=WebAuthenticationDetails [RemoteIpAddress=0:0:0:0:0:0:0:1, SessionId=81B33E5DD6A1A7D39D789006533D74FF], Granted Authorities=[ROLE_USER]]
2025-05-24T18:10:13.875-05:00 DEBUG 86896 --- [Matricula] [http-nio-8080-exec-4] o.s.s.web.DefaultRedirectStrategy        : Redirecting to /inicio
2025-05-24T18:10:13.879-05:00 DEBUG 86896 --- [Matricula] [http-nio-8080-exec-5] o.s.security.web.FilterChainProxy        : Securing GET /inicio
2025-05-24T18:10:13.879-05:00 DEBUG 86896 --- [Matricula] [http-nio-8080-exec-5] w.c.HttpSessionSecurityContextRepository : Retrieved SecurityContextImpl [Authentication=UsernamePasswordAuthenticationToken [Principal=org.springframework.security.core.userdetails.User [Username=admin, Password=[PROTECTED], Enabled=true, AccountNonExpired=true, CredentialsNonExpired=true, AccountNonLocked=true, Granted Authorities=[ROLE_USER]], Credentials=[PROTECTED], Authenticated=true, Details=WebAuthenticationDetails [RemoteIpAddress=0:0:0:0:0:0:0:1, SessionId=81B33E5DD6A1A7D39D789006533D74FF], Granted Authorities=[ROLE_USER]]]
2025-05-24T18:10:13.879-05:00 DEBUG 86896 --- [Matricula] [http-nio-8080-exec-5] o.s.security.web.FilterChainProxy        : Secured GET /inicio
2025-05-24T18:10:13.904-05:00 DEBUG 86896 --- [Matricula] [http-nio-8080-exec-6] o.s.security.web.FilterChainProxy        : Securing GET /css/style.css
2025-05-24T18:10:13.904-05:00 DEBUG 86896 --- [Matricula] [http-nio-8080-exec-6] o.s.security.web.FilterChainProxy        : Secured GET /css/style.css
2025-05-24T18:10:13.905-05:00 DEBUG 86896 --- [Matricula] [http-nio-8080-exec-8] o.s.security.web.FilterChainProxy        : Securing GET /images/exit.png
2025-05-24T18:10:13.905-05:00 DEBUG 86896 --- [Matricula] [http-nio-8080-exec-8] o.s.security.web.FilterChainProxy        : Secured GET /images/exit.png
2025-05-24T18:10:13.914-05:00 DEBUG 86896 --- [Matricula] [http-nio-8080-exec-8] w.c.HttpSessionSecurityContextRepository : Retrieved SecurityContextImpl [Authentication=UsernamePasswordAuthenticationToken [Principal=org.springframework.security.core.userdetails.User [Username=admin, Password=[PROTECTED], Enabled=true, AccountNonExpired=true, CredentialsNonExpired=true, AccountNonLocked=true, Granted Authorities=[ROLE_USER]], Credentials=[PROTECTED], Authenticated=true, Details=WebAuthenticationDetails [RemoteIpAddress=0:0:0:0:0:0:0:1, SessionId=81B33E5DD6A1A7D39D789006533D74FF], Granted Authorities=[ROLE_USER]]]
2025-05-24T18:10:13.914-05:00 DEBUG 86896 --- [Matricula] [http-nio-8080-exec-6] w.c.HttpSessionSecurityContextRepository : Retrieved SecurityContextImpl [Authentication=UsernamePasswordAuthenticationToken [Principal=org.springframework.security.core.userdetails.User [Username=admin, Password=[PROTECTED], Enabled=true, AccountNonExpired=true, CredentialsNonExpired=true, AccountNonLocked=true, Granted Authorities=[ROLE_USER]], Credentials=[PROTECTED], Authenticated=true, Details=WebAuthenticationDetails [RemoteIpAddress=0:0:0:0:0:0:0:1, SessionId=81B33E5DD6A1A7D39D789006533D74FF], Granted Authorities=[ROLE_USER]]]
2025-05-24T18:10:20.199-05:00 DEBUG 86896 --- [Matricula] [http-nio-8080-exec-9] o.s.security.web.FilterChainProxy        : Securing GET /logout
2025-05-24T18:10:20.200-05:00 DEBUG 86896 --- [Matricula] [http-nio-8080-exec-9] w.c.HttpSessionSecurityContextRepository : Retrieved SecurityContextImpl [Authentication=UsernamePasswordAuthenticationToken [Principal=org.springframework.security.core.userdetails.User [Username=admin, Password=[PROTECTED], Enabled=true, AccountNonExpired=true, CredentialsNonExpired=true, AccountNonLocked=true, Granted Authorities=[ROLE_USER]], Credentials=[PROTECTED], Authenticated=true, Details=WebAuthenticationDetails [RemoteIpAddress=0:0:0:0:0:0:0:1, SessionId=81B33E5DD6A1A7D39D789006533D74FF], Granted Authorities=[ROLE_USER]]]
2025-05-24T18:10:20.200-05:00 DEBUG 86896 --- [Matricula] [http-nio-8080-exec-9] o.s.security.web.FilterChainProxy        : Secured GET /logout
2025-05-24T18:10:20.206-05:00 DEBUG 86896 --- [Matricula] [http-nio-8080-exec-10] o.s.security.web.FilterChainProxy        : Securing GET /login
2025-05-24T18:10:20.207-05:00 DEBUG 86896 --- [Matricula] [http-nio-8080-exec-10] o.s.security.web.FilterChainProxy        : Secured GET /login
2025-05-24T18:10:20.209-05:00 DEBUG 86896 --- [Matricula] [http-nio-8080-exec-10] o.s.s.w.a.AnonymousAuthenticationFilter  : Set SecurityContextHolder to anonymous SecurityContext
2025-05-24T18:10:20.225-05:00 DEBUG 86896 --- [Matricula] [http-nio-8080-exec-7] o.s.security.web.FilterChainProxy        : Securing GET /css/style.css
2025-05-24T18:10:20.226-05:00 DEBUG 86896 --- [Matricula] [http-nio-8080-exec-7] o.s.security.web.FilterChainProxy        : Secured GET /css/style.css
2025-05-24T18:10:20.234-05:00 DEBUG 86896 --- [Matricula] [http-nio-8080-exec-7] o.s.s.w.a.AnonymousAuthenticationFilter  : Set SecurityContextHolder to anonymous SecurityContext
2025-05-24T18:12:36.449-05:00  INFO 86896 --- [Matricula] [SpringApplicationShutdownHook] o.s.b.w.e.tomcat.GracefulShutdown        : Commencing graceful shutdown. Waiting for active requests to complete
2025-05-24T18:12:36.456-05:00  INFO 86896 --- [Matricula] [tomcat-shutdown] o.s.b.w.e.tomcat.GracefulShutdown        : Graceful shutdown complete
2025-05-24T18:12:36.459-05:00  INFO 86896 --- [Matricula] [SpringApplicationShutdownHook] j.LocalContainerEntityManagerFactoryBean : Closing JPA EntityManagerFactory for persistence unit 'default'
2025-05-24T18:12:36.460-05:00  INFO 86896 --- [Matricula] [SpringApplicationShutdownHook] com.zaxxer.hikari.HikariDataSource       : HikariPool-1 - Shutdown initiated...
2025-05-24T18:12:36.462-05:00  INFO 86896 --- [Matricula] [SpringApplicationShutdownHook] com.zaxxer.hikari.HikariDataSource       : HikariPool-1 - Shutdown completed.
2025-05-24T18:12:42.902-05:00  INFO 57368 --- [Matricula] [main] com.matricula.MatriculaApplication       : Starting MatriculaApplication using Java 23.0.2 with PID 57368 (D:\My Drive\Isil\Ciclo IV\Proyecto Tecnologico\Proyectos\Matricula\target\classes started by jaimi in D:\My Drive\Isil\Ciclo IV\Proyecto Tecnologico\Proyectos\Matricula)
2025-05-24T18:12:42.907-05:00 DEBUG 57368 --- [Matricula] [main] com.matricula.MatriculaApplication       : Running with Spring Boot v3.4.4, Spring v6.2.5
2025-05-24T18:12:42.907-05:00  INFO 57368 --- [Matricula] [main] com.matricula.MatriculaApplication       : The following 1 profile is active: "dev"
2025-05-24T18:12:43.556-05:00  INFO 57368 --- [Matricula] [main] .s.d.r.c.RepositoryConfigurationDelegate : Bootstrapping Spring Data JPA repositories in DEFAULT mode.
2025-05-24T18:12:43.640-05:00  INFO 57368 --- [Matricula] [main] .s.d.r.c.RepositoryConfigurationDelegate : Finished Spring Data repository scanning in 76 ms. Found 2 JPA repository interfaces.
2025-05-24T18:12:44.081-05:00  INFO 57368 --- [Matricula] [main] o.s.b.w.embedded.tomcat.TomcatWebServer  : Tomcat initialized with port 8080 (http)
2025-05-24T18:12:44.092-05:00  INFO 57368 --- [Matricula] [main] o.apache.catalina.core.StandardService   : Starting service [Tomcat]
2025-05-24T18:12:44.092-05:00  INFO 57368 --- [Matricula] [main] o.apache.catalina.core.StandardEngine    : Starting Servlet engine: [Apache Tomcat/10.1.39]
2025-05-24T18:12:44.136-05:00  INFO 57368 --- [Matricula] [main] o.a.c.c.C.[Tomcat].[localhost].[/]       : Initializing Spring embedded WebApplicationContext
2025-05-24T18:12:44.137-05:00  INFO 57368 --- [Matricula] [main] w.s.c.ServletWebServerApplicationContext : Root WebApplicationContext: initialization completed in 1187 ms
2025-05-24T18:12:44.321-05:00  INFO 57368 --- [Matricula] [main] o.hibernate.jpa.internal.util.LogHelper  : HHH000204: Processing PersistenceUnitInfo [name: default]
2025-05-24T18:12:44.377-05:00  INFO 57368 --- [Matricula] [main] org.hibernate.Version                    : HHH000412: Hibernate ORM core version 6.6.11.Final
2025-05-24T18:12:44.410-05:00  INFO 57368 --- [Matricula] [main] o.h.c.internal.RegionFactoryInitiator    : HHH000026: Second-level cache disabled
2025-05-24T18:12:44.695-05:00  INFO 57368 --- [Matricula] [main] o.s.o.j.p.SpringPersistenceUnitInfo      : No LoadTimeWeaver setup: ignoring JPA class transformer
2025-05-24T18:12:44.724-05:00  INFO 57368 --- [Matricula] [main] com.zaxxer.hikari.HikariDataSource       : HikariPool-1 - Starting...
2025-05-24T18:12:44.954-05:00  INFO 57368 --- [Matricula] [main] com.zaxxer.hikari.pool.HikariPool        : HikariPool-1 - Added connection ConnectionID:1 ClientConnectionId: a765a5f2-0d82-4a76-a0a0-73edfcecc2b0
2025-05-24T18:12:44.956-05:00  INFO 57368 --- [Matricula] [main] com.zaxxer.hikari.HikariDataSource       : HikariPool-1 - Start completed.
2025-05-24T18:12:45.019-05:00  INFO 57368 --- [Matricula] [main] org.hibernate.orm.connections.pooling    : HHH10001005: Database info:
	Database JDBC URL [Connecting through datasource 'HikariDataSource (HikariPool-1)']
	Database driver: undefined/unknown
	Database version: 16.0
	Autocommit mode: undefined/unknown
	Isolation level: undefined/unknown
	Minimum pool size: undefined/unknown
	Maximum pool size: undefined/unknown
2025-05-24T18:12:45.867-05:00  INFO 57368 --- [Matricula] [main] o.h.e.t.j.p.i.JtaPlatformInitiator       : HHH000489: No JTA platform available (set 'hibernate.transaction.jta.platform' to enable JTA platform integration)
2025-05-24T18:12:46.177-05:00  INFO 57368 --- [Matricula] [main] j.LocalContainerEntityManagerFactoryBean : Initialized JPA EntityManagerFactory for persistence unit 'default'
2025-05-24T18:12:46.450-05:00  WARN 57368 --- [Matricula] [main] JpaBaseConfiguration$JpaWebConfiguration : spring.jpa.open-in-view is enabled by default. Therefore, database queries may be performed during view rendering. Explicitly configure spring.jpa.open-in-view to disable this warning
2025-05-24T18:12:46.469-05:00  INFO 57368 --- [Matricula] [main] eAuthenticationProviderManagerConfigurer : Global AuthenticationManager configured with AuthenticationProvider bean with name authenticationProvider
2025-05-24T18:12:46.470-05:00  WARN 57368 --- [Matricula] [main] r$InitializeUserDetailsManagerConfigurer : Global AuthenticationManager configured with an AuthenticationProvider bean. UserDetailsService beans will not be used by Spring Security for automatically configuring username/password login. Consider removing the AuthenticationProvider bean. Alternatively, consider using the UserDetailsService in a manually instantiated DaoAuthenticationProvider. If the current configuration is intentional, to turn off this warning, increase the logging level of 'org.springframework.security.config.annotation.authentication.configuration.InitializeUserDetailsBeanManagerConfigurer' to ERROR
2025-05-24T18:12:46.686-05:00 DEBUG 57368 --- [Matricula] [main] o.s.s.web.DefaultSecurityFilterChain     : Will secure any request with filters: DisableEncodeUrlFilter, WebAsyncManagerIntegrationFilter, SecurityContextHolderFilter, HeaderWriterFilter, CsrfFilter, LogoutFilter, UsernamePasswordAuthenticationFilter, RequestCacheAwareFilter, SecurityContextHolderAwareRequestFilter, AnonymousAuthenticationFilter, ExceptionTranslationFilter, AuthorizationFilter
2025-05-24T18:12:46.895-05:00  INFO 57368 --- [Matricula] [main] o.s.b.w.embedded.tomcat.TomcatWebServer  : Tomcat started on port 8080 (http) with context path '/'
2025-05-24T18:12:46.899-05:00  INFO 57368 --- [Matricula] [main] com.matricula.MatriculaApplication       : Started MatriculaApplication in 4.421 seconds (process running for 4.88)
2025-05-24T18:12:52.101-05:00  INFO 57368 --- [Matricula] [http-nio-8080-exec-1] o.a.c.c.C.[Tomcat].[localhost].[/]       : Initializing Spring DispatcherServlet 'dispatcherServlet'
2025-05-24T18:12:52.101-05:00  INFO 57368 --- [Matricula] [http-nio-8080-exec-1] o.s.web.servlet.DispatcherServlet        : Initializing Servlet 'dispatcherServlet'
2025-05-24T18:12:52.102-05:00  INFO 57368 --- [Matricula] [http-nio-8080-exec-1] o.s.web.servlet.DispatcherServlet        : Completed initialization in 1 ms
2025-05-24T18:12:52.120-05:00 DEBUG 57368 --- [Matricula] [http-nio-8080-exec-1] o.s.security.web.FilterChainProxy        : Securing GET /inicio
2025-05-24T18:12:52.130-05:00 DEBUG 57368 --- [Matricula] [http-nio-8080-exec-1] o.s.s.w.a.AnonymousAuthenticationFilter  : Set SecurityContextHolder to anonymous SecurityContext
2025-05-24T18:12:52.145-05:00 DEBUG 57368 --- [Matricula] [http-nio-8080-exec-1] o.s.s.w.s.HttpSessionRequestCache        : Saved request http://localhost:8080/inicio?continue to session
2025-05-24T18:12:52.145-05:00 DEBUG 57368 --- [Matricula] [http-nio-8080-exec-1] o.s.s.web.DefaultRedirectStrategy        : Redirecting to http://localhost:8080/login
2025-05-24T18:12:52.149-05:00 DEBUG 57368 --- [Matricula] [http-nio-8080-exec-2] o.s.security.web.FilterChainProxy        : Securing GET /login
2025-05-24T18:12:52.150-05:00 DEBUG 57368 --- [Matricula] [http-nio-8080-exec-2] o.s.security.web.FilterChainProxy        : Secured GET /login
2025-05-24T18:12:52.422-05:00 DEBUG 57368 --- [Matricula] [http-nio-8080-exec-2] o.s.s.w.a.AnonymousAuthenticationFilter  : Set SecurityContextHolder to anonymous SecurityContext
2025-05-24T18:12:52.430-05:00 DEBUG 57368 --- [Matricula] [http-nio-8080-exec-3] o.s.security.web.FilterChainProxy        : Securing GET /css/style.css
2025-05-24T18:12:52.431-05:00 DEBUG 57368 --- [Matricula] [http-nio-8080-exec-3] o.s.security.web.FilterChainProxy        : Secured GET /css/style.css
2025-05-24T18:12:52.445-05:00 DEBUG 57368 --- [Matricula] [http-nio-8080-exec-3] o.s.s.w.a.AnonymousAuthenticationFilter  : Set SecurityContextHolder to anonymous SecurityContext
2025-05-24T18:12:58.957-05:00 DEBUG 57368 --- [Matricula] [http-nio-8080-exec-4] o.s.security.web.FilterChainProxy        : Securing POST /login
2025-05-24T18:12:59.094-05:00 DEBUG 57368 --- [Matricula] [http-nio-8080-exec-4] o.s.s.a.dao.DaoAuthenticationProvider    : Authenticated user
2025-05-24T18:12:59.095-05:00 DEBUG 57368 --- [Matricula] [http-nio-8080-exec-4] .s.ChangeSessionIdAuthenticationStrategy : Changed session id from 75CBB468EE64225F4420EC6A998A0491
2025-05-24T18:12:59.095-05:00 DEBUG 57368 --- [Matricula] [http-nio-8080-exec-4] o.s.s.w.csrf.CsrfAuthenticationStrategy  : Replaced CSRF Token
2025-05-24T18:12:59.096-05:00 DEBUG 57368 --- [Matricula] [http-nio-8080-exec-4] w.c.HttpSessionSecurityContextRepository : Stored SecurityContextImpl [Authentication=UsernamePasswordAuthenticationToken [Principal=org.springframework.security.core.userdetails.User [Username=admin, Password=[PROTECTED], Enabled=true, AccountNonExpired=true, CredentialsNonExpired=true, AccountNonLocked=true, Granted Authorities=[ROLE_USER]], Credentials=[PROTECTED], Authenticated=true, Details=WebAuthenticationDetails [RemoteIpAddress=0:0:0:0:0:0:0:1, SessionId=75CBB468EE64225F4420EC6A998A0491], Granted Authorities=[ROLE_USER]]] to HttpSession [org.apache.catalina.session.StandardSessionFacade@60fbd731]
2025-05-24T18:12:59.096-05:00 DEBUG 57368 --- [Matricula] [http-nio-8080-exec-4] w.a.UsernamePasswordAuthenticationFilter : Set SecurityContextHolder to UsernamePasswordAuthenticationToken [Principal=org.springframework.security.core.userdetails.User [Username=admin, Password=[PROTECTED], Enabled=true, AccountNonExpired=true, CredentialsNonExpired=true, AccountNonLocked=true, Granted Authorities=[ROLE_USER]], Credentials=[PROTECTED], Authenticated=true, Details=WebAuthenticationDetails [RemoteIpAddress=0:0:0:0:0:0:0:1, SessionId=75CBB468EE64225F4420EC6A998A0491], Granted Authorities=[ROLE_USER]]
2025-05-24T18:12:59.097-05:00 DEBUG 57368 --- [Matricula] [http-nio-8080-exec-4] o.s.s.web.DefaultRedirectStrategy        : Redirecting to /inicio
2025-05-24T18:12:59.100-05:00 DEBUG 57368 --- [Matricula] [http-nio-8080-exec-5] o.s.security.web.FilterChainProxy        : Securing GET /inicio
2025-05-24T18:12:59.100-05:00 DEBUG 57368 --- [Matricula] [http-nio-8080-exec-5] w.c.HttpSessionSecurityContextRepository : Retrieved SecurityContextImpl [Authentication=UsernamePasswordAuthenticationToken [Principal=org.springframework.security.core.userdetails.User [Username=admin, Password=[PROTECTED], Enabled=true, AccountNonExpired=true, CredentialsNonExpired=true, AccountNonLocked=true, Granted Authorities=[ROLE_USER]], Credentials=[PROTECTED], Authenticated=true, Details=WebAuthenticationDetails [RemoteIpAddress=0:0:0:0:0:0:0:1, SessionId=75CBB468EE64225F4420EC6A998A0491], Granted Authorities=[ROLE_USER]]]
2025-05-24T18:12:59.100-05:00 DEBUG 57368 --- [Matricula] [http-nio-8080-exec-5] o.s.security.web.FilterChainProxy        : Secured GET /inicio
2025-05-24T18:12:59.126-05:00 DEBUG 57368 --- [Matricula] [http-nio-8080-exec-6] o.s.security.web.FilterChainProxy        : Securing GET /css/style.css
2025-05-24T18:12:59.126-05:00 DEBUG 57368 --- [Matricula] [http-nio-8080-exec-6] o.s.security.web.FilterChainProxy        : Secured GET /css/style.css
2025-05-24T18:12:59.130-05:00 DEBUG 57368 --- [Matricula] [http-nio-8080-exec-8] o.s.security.web.FilterChainProxy        : Securing GET /images/exit.png
2025-05-24T18:12:59.130-05:00 DEBUG 57368 --- [Matricula] [http-nio-8080-exec-7] o.s.security.web.FilterChainProxy        : Securing GET /images/alumnos.png
2025-05-24T18:12:59.130-05:00 DEBUG 57368 --- [Matricula] [http-nio-8080-exec-8] o.s.security.web.FilterChainProxy        : Secured GET /images/exit.png
2025-05-24T18:12:59.130-05:00 DEBUG 57368 --- [Matricula] [http-nio-8080-exec-7] o.s.security.web.FilterChainProxy        : Secured GET /images/alumnos.png
2025-05-24T18:12:59.137-05:00 DEBUG 57368 --- [Matricula] [http-nio-8080-exec-6] w.c.HttpSessionSecurityContextRepository : Retrieved SecurityContextImpl [Authentication=UsernamePasswordAuthenticationToken [Principal=org.springframework.security.core.userdetails.User [Username=admin, Password=[PROTECTED], Enabled=true, AccountNonExpired=true, CredentialsNonExpired=true, AccountNonLocked=true, Granted Authorities=[ROLE_USER]], Credentials=[PROTECTED], Authenticated=true, Details=WebAuthenticationDetails [RemoteIpAddress=0:0:0:0:0:0:0:1, SessionId=75CBB468EE64225F4420EC6A998A0491], Granted Authorities=[ROLE_USER]]]
2025-05-24T18:12:59.141-05:00 DEBUG 57368 --- [Matricula] [http-nio-8080-exec-8] w.c.HttpSessionSecurityContextRepository : Retrieved SecurityContextImpl [Authentication=UsernamePasswordAuthenticationToken [Principal=org.springframework.security.core.userdetails.User [Username=admin, Password=[PROTECTED], Enabled=true, AccountNonExpired=true, CredentialsNonExpired=true, AccountNonLocked=true, Granted Authorities=[ROLE_USER]], Credentials=[PROTECTED], Authenticated=true, Details=WebAuthenticationDetails [RemoteIpAddress=0:0:0:0:0:0:0:1, SessionId=75CBB468EE64225F4420EC6A998A0491], Granted Authorities=[ROLE_USER]]]
2025-05-24T18:12:59.142-05:00 DEBUG 57368 --- [Matricula] [http-nio-8080-exec-7] w.c.HttpSessionSecurityContextRepository : Retrieved SecurityContextImpl [Authentication=UsernamePasswordAuthenticationToken [Principal=org.springframework.security.core.userdetails.User [Username=admin, Password=[PROTECTED], Enabled=true, AccountNonExpired=true, CredentialsNonExpired=true, AccountNonLocked=true, Granted Authorities=[ROLE_USER]], Credentials=[PROTECTED], Authenticated=true, Details=WebAuthenticationDetails [RemoteIpAddress=0:0:0:0:0:0:0:1, SessionId=75CBB468EE64225F4420EC6A998A0491], Granted Authorities=[ROLE_USER]]]
2025-05-24T18:16:47.476-05:00 DEBUG 57368 --- [Matricula] [http-nio-8080-exec-2] o.s.security.web.FilterChainProxy        : Securing GET /inicio
2025-05-24T18:16:47.478-05:00 DEBUG 57368 --- [Matricula] [http-nio-8080-exec-2] w.c.HttpSessionSecurityContextRepository : Retrieved SecurityContextImpl [Authentication=UsernamePasswordAuthenticationToken [Principal=org.springframework.security.core.userdetails.User [Username=admin, Password=[PROTECTED], Enabled=true, AccountNonExpired=true, CredentialsNonExpired=true, AccountNonLocked=true, Granted Authorities=[ROLE_USER]], Credentials=[PROTECTED], Authenticated=true, Details=WebAuthenticationDetails [RemoteIpAddress=0:0:0:0:0:0:0:1, SessionId=75CBB468EE64225F4420EC6A998A0491], Granted Authorities=[ROLE_USER]]]
2025-05-24T18:16:47.478-05:00 DEBUG 57368 --- [Matricula] [http-nio-8080-exec-2] o.s.security.web.FilterChainProxy        : Secured GET /inicio
2025-05-24T18:16:47.490-05:00 DEBUG 57368 --- [Matricula] [http-nio-8080-exec-3] o.s.security.web.FilterChainProxy        : Securing GET /css/style.css
2025-05-24T18:16:47.490-05:00 DEBUG 57368 --- [Matricula] [http-nio-8080-exec-3] o.s.security.web.FilterChainProxy        : Secured GET /css/style.css
2025-05-24T18:16:47.493-05:00 DEBUG 57368 --- [Matricula] [http-nio-8080-exec-4] o.s.security.web.FilterChainProxy        : Securing GET /images/alumnos.png
2025-05-24T18:16:47.493-05:00 DEBUG 57368 --- [Matricula] [http-nio-8080-exec-5] o.s.security.web.FilterChainProxy        : Securing GET /images/exit.png
2025-05-24T18:16:47.494-05:00 DEBUG 57368 --- [Matricula] [http-nio-8080-exec-4] o.s.security.web.FilterChainProxy        : Secured GET /images/alumnos.png
2025-05-24T18:16:47.494-05:00 DEBUG 57368 --- [Matricula] [http-nio-8080-exec-5] o.s.security.web.FilterChainProxy        : Secured GET /images/exit.png
2025-05-24T18:16:47.501-05:00 DEBUG 57368 --- [Matricula] [http-nio-8080-exec-3] w.c.HttpSessionSecurityContextRepository : Retrieved SecurityContextImpl [Authentication=UsernamePasswordAuthenticationToken [Principal=org.springframework.security.core.userdetails.User [Username=admin, Password=[PROTECTED], Enabled=true, AccountNonExpired=true, CredentialsNonExpired=true, AccountNonLocked=true, Granted Authorities=[ROLE_USER]], Credentials=[PROTECTED], Authenticated=true, Details=WebAuthenticationDetails [RemoteIpAddress=0:0:0:0:0:0:0:1, SessionId=75CBB468EE64225F4420EC6A998A0491], Granted Authorities=[ROLE_USER]]]
2025-05-24T18:16:47.504-05:00 DEBUG 57368 --- [Matricula] [http-nio-8080-exec-5] w.c.HttpSessionSecurityContextRepository : Retrieved SecurityContextImpl [Authentication=UsernamePasswordAuthenticationToken [Principal=org.springframework.security.core.userdetails.User [Username=admin, Password=[PROTECTED], Enabled=true, AccountNonExpired=true, CredentialsNonExpired=true, AccountNonLocked=true, Granted Authorities=[ROLE_USER]], Credentials=[PROTECTED], Authenticated=true, Details=WebAuthenticationDetails [RemoteIpAddress=0:0:0:0:0:0:0:1, SessionId=75CBB468EE64225F4420EC6A998A0491], Granted Authorities=[ROLE_USER]]]
2025-05-24T18:16:47.504-05:00 DEBUG 57368 --- [Matricula] [http-nio-8080-exec-4] w.c.HttpSessionSecurityContextRepository : Retrieved SecurityContextImpl [Authentication=UsernamePasswordAuthenticationToken [Principal=org.springframework.security.core.userdetails.User [Username=admin, Password=[PROTECTED], Enabled=true, AccountNonExpired=true, CredentialsNonExpired=true, AccountNonLocked=true, Granted Authorities=[ROLE_USER]], Credentials=[PROTECTED], Authenticated=true, Details=WebAuthenticationDetails [RemoteIpAddress=0:0:0:0:0:0:0:1, SessionId=75CBB468EE64225F4420EC6A998A0491], Granted Authorities=[ROLE_USER]]]
2025-05-24T18:16:52.862-05:00  INFO 57368 --- [Matricula] [SpringApplicationShutdownHook] o.s.b.w.e.tomcat.GracefulShutdown        : Commencing graceful shutdown. Waiting for active requests to complete
2025-05-24T18:16:52.868-05:00  INFO 57368 --- [Matricula] [tomcat-shutdown] o.s.b.w.e.tomcat.GracefulShutdown        : Graceful shutdown complete
2025-05-24T18:16:52.872-05:00  INFO 57368 --- [Matricula] [SpringApplicationShutdownHook] j.LocalContainerEntityManagerFactoryBean : Closing JPA EntityManagerFactory for persistence unit 'default'
2025-05-24T18:16:52.873-05:00  INFO 57368 --- [Matricula] [SpringApplicationShutdownHook] com.zaxxer.hikari.HikariDataSource       : HikariPool-1 - Shutdown initiated...
2025-05-24T18:16:52.877-05:00  INFO 57368 --- [Matricula] [SpringApplicationShutdownHook] com.zaxxer.hikari.HikariDataSource       : HikariPool-1 - Shutdown completed.
2025-05-24T18:16:54.658-05:00  INFO 83124 --- [Matricula] [main] com.matricula.MatriculaApplication       : Starting MatriculaApplication using Java 23.0.2 with PID 83124 (D:\My Drive\Isil\Ciclo IV\Proyecto Tecnologico\Proyectos\Matricula\target\classes started by jaimi in D:\My Drive\Isil\Ciclo IV\Proyecto Tecnologico\Proyectos\Matricula)
2025-05-24T18:16:54.662-05:00 DEBUG 83124 --- [Matricula] [main] com.matricula.MatriculaApplication       : Running with Spring Boot v3.4.4, Spring v6.2.5
2025-05-24T18:16:54.663-05:00  INFO 83124 --- [Matricula] [main] com.matricula.MatriculaApplication       : The following 1 profile is active: "dev"
2025-05-24T18:16:55.294-05:00  INFO 83124 --- [Matricula] [main] .s.d.r.c.RepositoryConfigurationDelegate : Bootstrapping Spring Data JPA repositories in DEFAULT mode.
2025-05-24T18:16:55.371-05:00  INFO 83124 --- [Matricula] [main] .s.d.r.c.RepositoryConfigurationDelegate : Finished Spring Data repository scanning in 71 ms. Found 2 JPA repository interfaces.
2025-05-24T18:16:55.798-05:00  INFO 83124 --- [Matricula] [main] o.s.b.w.embedded.tomcat.TomcatWebServer  : Tomcat initialized with port 8080 (http)
2025-05-24T18:16:55.811-05:00  INFO 83124 --- [Matricula] [main] o.apache.catalina.core.StandardService   : Starting service [Tomcat]
2025-05-24T18:16:55.812-05:00  INFO 83124 --- [Matricula] [main] o.apache.catalina.core.StandardEngine    : Starting Servlet engine: [Apache Tomcat/10.1.39]
2025-05-24T18:16:55.856-05:00  INFO 83124 --- [Matricula] [main] o.a.c.c.C.[Tomcat].[localhost].[/]       : Initializing Spring embedded WebApplicationContext
2025-05-24T18:16:55.857-05:00  INFO 83124 --- [Matricula] [main] w.s.c.ServletWebServerApplicationContext : Root WebApplicationContext: initialization completed in 1152 ms
2025-05-24T18:16:56.036-05:00  INFO 83124 --- [Matricula] [main] o.hibernate.jpa.internal.util.LogHelper  : HHH000204: Processing PersistenceUnitInfo [name: default]
2025-05-24T18:16:56.090-05:00  INFO 83124 --- [Matricula] [main] org.hibernate.Version                    : HHH000412: Hibernate ORM core version 6.6.11.Final
2025-05-24T18:16:56.123-05:00  INFO 83124 --- [Matricula] [main] o.h.c.internal.RegionFactoryInitiator    : HHH000026: Second-level cache disabled
2025-05-24T18:16:56.386-05:00  INFO 83124 --- [Matricula] [main] o.s.o.j.p.SpringPersistenceUnitInfo      : No LoadTimeWeaver setup: ignoring JPA class transformer
2025-05-24T18:16:56.415-05:00  INFO 83124 --- [Matricula] [main] com.zaxxer.hikari.HikariDataSource       : HikariPool-1 - Starting...
2025-05-24T18:16:56.643-05:00  INFO 83124 --- [Matricula] [main] com.zaxxer.hikari.pool.HikariPool        : HikariPool-1 - Added connection ConnectionID:1 ClientConnectionId: 973a5507-f17b-439f-ab07-9db77af55b09
2025-05-24T18:16:56.645-05:00  INFO 83124 --- [Matricula] [main] com.zaxxer.hikari.HikariDataSource       : HikariPool-1 - Start completed.
2025-05-24T18:16:56.708-05:00  INFO 83124 --- [Matricula] [main] org.hibernate.orm.connections.pooling    : HHH10001005: Database info:
	Database JDBC URL [Connecting through datasource 'HikariDataSource (HikariPool-1)']
	Database driver: undefined/unknown
	Database version: 16.0
	Autocommit mode: undefined/unknown
	Isolation level: undefined/unknown
	Minimum pool size: undefined/unknown
	Maximum pool size: undefined/unknown
2025-05-24T18:16:57.504-05:00  INFO 83124 --- [Matricula] [main] o.h.e.t.j.p.i.JtaPlatformInitiator       : HHH000489: No JTA platform available (set 'hibernate.transaction.jta.platform' to enable JTA platform integration)
2025-05-24T18:16:57.794-05:00  INFO 83124 --- [Matricula] [main] j.LocalContainerEntityManagerFactoryBean : Initialized JPA EntityManagerFactory for persistence unit 'default'
2025-05-24T18:16:58.086-05:00  WARN 83124 --- [Matricula] [main] JpaBaseConfiguration$JpaWebConfiguration : spring.jpa.open-in-view is enabled by default. Therefore, database queries may be performed during view rendering. Explicitly configure spring.jpa.open-in-view to disable this warning
2025-05-24T18:16:58.104-05:00  INFO 83124 --- [Matricula] [main] eAuthenticationProviderManagerConfigurer : Global AuthenticationManager configured with AuthenticationProvider bean with name authenticationProvider
2025-05-24T18:16:58.104-05:00  WARN 83124 --- [Matricula] [main] r$InitializeUserDetailsManagerConfigurer : Global AuthenticationManager configured with an AuthenticationProvider bean. UserDetailsService beans will not be used by Spring Security for automatically configuring username/password login. Consider removing the AuthenticationProvider bean. Alternatively, consider using the UserDetailsService in a manually instantiated DaoAuthenticationProvider. If the current configuration is intentional, to turn off this warning, increase the logging level of 'org.springframework.security.config.annotation.authentication.configuration.InitializeUserDetailsBeanManagerConfigurer' to ERROR
2025-05-24T18:16:58.298-05:00 DEBUG 83124 --- [Matricula] [main] o.s.s.web.DefaultSecurityFilterChain     : Will secure any request with filters: DisableEncodeUrlFilter, WebAsyncManagerIntegrationFilter, SecurityContextHolderFilter, HeaderWriterFilter, CsrfFilter, LogoutFilter, UsernamePasswordAuthenticationFilter, RequestCacheAwareFilter, SecurityContextHolderAwareRequestFilter, AnonymousAuthenticationFilter, ExceptionTranslationFilter, AuthorizationFilter
2025-05-24T18:16:58.500-05:00  INFO 83124 --- [Matricula] [main] o.s.b.w.embedded.tomcat.TomcatWebServer  : Tomcat started on port 8080 (http) with context path '/'
2025-05-24T18:16:58.505-05:00  INFO 83124 --- [Matricula] [main] com.matricula.MatriculaApplication       : Started MatriculaApplication in 4.261 seconds (process running for 4.756)
2025-05-24T18:17:00.685-05:00  INFO 83124 --- [Matricula] [http-nio-8080-exec-1] o.a.c.c.C.[Tomcat].[localhost].[/]       : Initializing Spring DispatcherServlet 'dispatcherServlet'
2025-05-24T18:17:00.687-05:00  INFO 83124 --- [Matricula] [http-nio-8080-exec-1] o.s.web.servlet.DispatcherServlet        : Initializing Servlet 'dispatcherServlet'
2025-05-24T18:17:00.687-05:00  INFO 83124 --- [Matricula] [http-nio-8080-exec-1] o.s.web.servlet.DispatcherServlet        : Completed initialization in 0 ms
2025-05-24T18:17:00.704-05:00 DEBUG 83124 --- [Matricula] [http-nio-8080-exec-1] o.s.security.web.FilterChainProxy        : Securing GET /inicio
2025-05-24T18:17:00.713-05:00 DEBUG 83124 --- [Matricula] [http-nio-8080-exec-1] o.s.s.w.a.AnonymousAuthenticationFilter  : Set SecurityContextHolder to anonymous SecurityContext
2025-05-24T18:17:00.729-05:00 DEBUG 83124 --- [Matricula] [http-nio-8080-exec-1] o.s.s.w.s.HttpSessionRequestCache        : Saved request http://localhost:8080/inicio?continue to session
2025-05-24T18:17:00.730-05:00 DEBUG 83124 --- [Matricula] [http-nio-8080-exec-1] o.s.s.web.DefaultRedirectStrategy        : Redirecting to http://localhost:8080/login
2025-05-24T18:17:00.735-05:00 DEBUG 83124 --- [Matricula] [http-nio-8080-exec-2] o.s.security.web.FilterChainProxy        : Securing GET /login
2025-05-24T18:17:00.736-05:00 DEBUG 83124 --- [Matricula] [http-nio-8080-exec-2] o.s.security.web.FilterChainProxy        : Secured GET /login
2025-05-24T18:17:01.011-05:00 DEBUG 83124 --- [Matricula] [http-nio-8080-exec-2] o.s.s.w.a.AnonymousAuthenticationFilter  : Set SecurityContextHolder to anonymous SecurityContext
2025-05-24T18:17:01.025-05:00 DEBUG 83124 --- [Matricula] [http-nio-8080-exec-3] o.s.security.web.FilterChainProxy        : Securing GET /css/style.css
2025-05-24T18:17:01.026-05:00 DEBUG 83124 --- [Matricula] [http-nio-8080-exec-3] o.s.security.web.FilterChainProxy        : Secured GET /css/style.css
2025-05-24T18:17:01.041-05:00 DEBUG 83124 --- [Matricula] [http-nio-8080-exec-3] o.s.s.w.a.AnonymousAuthenticationFilter  : Set SecurityContextHolder to anonymous SecurityContext
2025-05-24T18:17:06.463-05:00 DEBUG 83124 --- [Matricula] [http-nio-8080-exec-4] o.s.security.web.FilterChainProxy        : Securing POST /login
2025-05-24T18:17:06.596-05:00 DEBUG 83124 --- [Matricula] [http-nio-8080-exec-4] o.s.s.a.dao.DaoAuthenticationProvider    : Authenticated user
2025-05-24T18:17:06.597-05:00 DEBUG 83124 --- [Matricula] [http-nio-8080-exec-4] .s.ChangeSessionIdAuthenticationStrategy : Changed session id from D87CFE65690D10451FA21025C83C4F85
2025-05-24T18:17:06.598-05:00 DEBUG 83124 --- [Matricula] [http-nio-8080-exec-4] o.s.s.w.csrf.CsrfAuthenticationStrategy  : Replaced CSRF Token
2025-05-24T18:17:06.598-05:00 DEBUG 83124 --- [Matricula] [http-nio-8080-exec-4] w.c.HttpSessionSecurityContextRepository : Stored SecurityContextImpl [Authentication=UsernamePasswordAuthenticationToken [Principal=org.springframework.security.core.userdetails.User [Username=admin, Password=[PROTECTED], Enabled=true, AccountNonExpired=true, CredentialsNonExpired=true, AccountNonLocked=true, Granted Authorities=[ROLE_USER]], Credentials=[PROTECTED], Authenticated=true, Details=WebAuthenticationDetails [RemoteIpAddress=0:0:0:0:0:0:0:1, SessionId=D87CFE65690D10451FA21025C83C4F85], Granted Authorities=[ROLE_USER]]] to HttpSession [org.apache.catalina.session.StandardSessionFacade@36bd4cfc]
2025-05-24T18:17:06.599-05:00 DEBUG 83124 --- [Matricula] [http-nio-8080-exec-4] w.a.UsernamePasswordAuthenticationFilter : Set SecurityContextHolder to UsernamePasswordAuthenticationToken [Principal=org.springframework.security.core.userdetails.User [Username=admin, Password=[PROTECTED], Enabled=true, AccountNonExpired=true, CredentialsNonExpired=true, AccountNonLocked=true, Granted Authorities=[ROLE_USER]], Credentials=[PROTECTED], Authenticated=true, Details=WebAuthenticationDetails [RemoteIpAddress=0:0:0:0:0:0:0:1, SessionId=D87CFE65690D10451FA21025C83C4F85], Granted Authorities=[ROLE_USER]]
2025-05-24T18:17:06.599-05:00 DEBUG 83124 --- [Matricula] [http-nio-8080-exec-4] o.s.s.web.DefaultRedirectStrategy        : Redirecting to /inicio
2025-05-24T18:17:06.603-05:00 DEBUG 83124 --- [Matricula] [http-nio-8080-exec-5] o.s.security.web.FilterChainProxy        : Securing GET /inicio
2025-05-24T18:17:06.603-05:00 DEBUG 83124 --- [Matricula] [http-nio-8080-exec-5] w.c.HttpSessionSecurityContextRepository : Retrieved SecurityContextImpl [Authentication=UsernamePasswordAuthenticationToken [Principal=org.springframework.security.core.userdetails.User [Username=admin, Password=[PROTECTED], Enabled=true, AccountNonExpired=true, CredentialsNonExpired=true, AccountNonLocked=true, Granted Authorities=[ROLE_USER]], Credentials=[PROTECTED], Authenticated=true, Details=WebAuthenticationDetails [RemoteIpAddress=0:0:0:0:0:0:0:1, SessionId=D87CFE65690D10451FA21025C83C4F85], Granted Authorities=[ROLE_USER]]]
2025-05-24T18:17:06.603-05:00 DEBUG 83124 --- [Matricula] [http-nio-8080-exec-5] o.s.security.web.FilterChainProxy        : Secured GET /inicio
2025-05-24T18:17:06.628-05:00 DEBUG 83124 --- [Matricula] [http-nio-8080-exec-6] o.s.security.web.FilterChainProxy        : Securing GET /css/style.css
2025-05-24T18:17:06.629-05:00 DEBUG 83124 --- [Matricula] [http-nio-8080-exec-6] o.s.security.web.FilterChainProxy        : Secured GET /css/style.css
2025-05-24T18:17:06.630-05:00 DEBUG 83124 --- [Matricula] [http-nio-8080-exec-7] o.s.security.web.FilterChainProxy        : Securing GET /images/alumnos.png
2025-05-24T18:17:06.630-05:00 DEBUG 83124 --- [Matricula] [http-nio-8080-exec-8] o.s.security.web.FilterChainProxy        : Securing GET /images/exit.png
2025-05-24T18:17:06.630-05:00 DEBUG 83124 --- [Matricula] [http-nio-8080-exec-7] o.s.security.web.FilterChainProxy        : Secured GET /images/alumnos.png
2025-05-24T18:17:06.630-05:00 DEBUG 83124 --- [Matricula] [http-nio-8080-exec-8] o.s.security.web.FilterChainProxy        : Secured GET /images/exit.png
2025-05-24T18:17:06.640-05:00 DEBUG 83124 --- [Matricula] [http-nio-8080-exec-6] w.c.HttpSessionSecurityContextRepository : Retrieved SecurityContextImpl [Authentication=UsernamePasswordAuthenticationToken [Principal=org.springframework.security.core.userdetails.User [Username=admin, Password=[PROTECTED], Enabled=true, AccountNonExpired=true, CredentialsNonExpired=true, AccountNonLocked=true, Granted Authorities=[ROLE_USER]], Credentials=[PROTECTED], Authenticated=true, Details=WebAuthenticationDetails [RemoteIpAddress=0:0:0:0:0:0:0:1, SessionId=D87CFE65690D10451FA21025C83C4F85], Granted Authorities=[ROLE_USER]]]
2025-05-24T18:17:06.642-05:00 DEBUG 83124 --- [Matricula] [http-nio-8080-exec-7] w.c.HttpSessionSecurityContextRepository : Retrieved SecurityContextImpl [Authentication=UsernamePasswordAuthenticationToken [Principal=org.springframework.security.core.userdetails.User [Username=admin, Password=[PROTECTED], Enabled=true, AccountNonExpired=true, CredentialsNonExpired=true, AccountNonLocked=true, Granted Authorities=[ROLE_USER]], Credentials=[PROTECTED], Authenticated=true, Details=WebAuthenticationDetails [RemoteIpAddress=0:0:0:0:0:0:0:1, SessionId=D87CFE65690D10451FA21025C83C4F85], Granted Authorities=[ROLE_USER]]]
2025-05-24T18:17:06.642-05:00 DEBUG 83124 --- [Matricula] [http-nio-8080-exec-8] w.c.HttpSessionSecurityContextRepository : Retrieved SecurityContextImpl [Authentication=UsernamePasswordAuthenticationToken [Principal=org.springframework.security.core.userdetails.User [Username=admin, Password=[PROTECTED], Enabled=true, AccountNonExpired=true, CredentialsNonExpired=true, AccountNonLocked=true, Granted Authorities=[ROLE_USER]], Credentials=[PROTECTED], Authenticated=true, Details=WebAuthenticationDetails [RemoteIpAddress=0:0:0:0:0:0:0:1, SessionId=D87CFE65690D10451FA21025C83C4F85], Granted Authorities=[ROLE_USER]]]
2025-05-24T18:17:21.565-05:00 DEBUG 83124 --- [Matricula] [http-nio-8080-exec-9] o.s.security.web.FilterChainProxy        : Securing GET /inicio
2025-05-24T18:17:21.566-05:00 DEBUG 83124 --- [Matricula] [http-nio-8080-exec-9] w.c.HttpSessionSecurityContextRepository : Retrieved SecurityContextImpl [Authentication=UsernamePasswordAuthenticationToken [Principal=org.springframework.security.core.userdetails.User [Username=admin, Password=[PROTECTED], Enabled=true, AccountNonExpired=true, CredentialsNonExpired=true, AccountNonLocked=true, Granted Authorities=[ROLE_USER]], Credentials=[PROTECTED], Authenticated=true, Details=WebAuthenticationDetails [RemoteIpAddress=0:0:0:0:0:0:0:1, SessionId=D87CFE65690D10451FA21025C83C4F85], Granted Authorities=[ROLE_USER]]]
2025-05-24T18:17:21.566-05:00 DEBUG 83124 --- [Matricula] [http-nio-8080-exec-9] o.s.security.web.FilterChainProxy        : Secured GET /inicio
2025-05-24T18:17:21.579-05:00 DEBUG 83124 --- [Matricula] [http-nio-8080-exec-10] o.s.security.web.FilterChainProxy        : Securing GET /css/style.css
2025-05-24T18:17:21.579-05:00 DEBUG 83124 --- [Matricula] [http-nio-8080-exec-10] o.s.security.web.FilterChainProxy        : Secured GET /css/style.css
2025-05-24T18:17:21.582-05:00 DEBUG 83124 --- [Matricula] [http-nio-8080-exec-2] o.s.security.web.FilterChainProxy        : Securing GET /images/exit.png
2025-05-24T18:17:21.582-05:00 DEBUG 83124 --- [Matricula] [http-nio-8080-exec-1] o.s.security.web.FilterChainProxy        : Securing GET /images/alumnos.png
2025-05-24T18:17:21.582-05:00 DEBUG 83124 --- [Matricula] [http-nio-8080-exec-2] o.s.security.web.FilterChainProxy        : Secured GET /images/exit.png
2025-05-24T18:17:21.582-05:00 DEBUG 83124 --- [Matricula] [http-nio-8080-exec-1] o.s.security.web.FilterChainProxy        : Secured GET /images/alumnos.png
2025-05-24T18:17:21.588-05:00 DEBUG 83124 --- [Matricula] [http-nio-8080-exec-10] w.c.HttpSessionSecurityContextRepository : Retrieved SecurityContextImpl [Authentication=UsernamePasswordAuthenticationToken [Principal=org.springframework.security.core.userdetails.User [Username=admin, Password=[PROTECTED], Enabled=true, AccountNonExpired=true, CredentialsNonExpired=true, AccountNonLocked=true, Granted Authorities=[ROLE_USER]], Credentials=[PROTECTED], Authenticated=true, Details=WebAuthenticationDetails [RemoteIpAddress=0:0:0:0:0:0:0:1, SessionId=D87CFE65690D10451FA21025C83C4F85], Granted Authorities=[ROLE_USER]]]
2025-05-24T18:17:21.591-05:00 DEBUG 83124 --- [Matricula] [http-nio-8080-exec-2] w.c.HttpSessionSecurityContextRepository : Retrieved SecurityContextImpl [Authentication=UsernamePasswordAuthenticationToken [Principal=org.springframework.security.core.userdetails.User [Username=admin, Password=[PROTECTED], Enabled=true, AccountNonExpired=true, CredentialsNonExpired=true, AccountNonLocked=true, Granted Authorities=[ROLE_USER]], Credentials=[PROTECTED], Authenticated=true, Details=WebAuthenticationDetails [RemoteIpAddress=0:0:0:0:0:0:0:1, SessionId=D87CFE65690D10451FA21025C83C4F85], Granted Authorities=[ROLE_USER]]]
2025-05-24T18:17:21.591-05:00 DEBUG 83124 --- [Matricula] [http-nio-8080-exec-1] w.c.HttpSessionSecurityContextRepository : Retrieved SecurityContextImpl [Authentication=UsernamePasswordAuthenticationToken [Principal=org.springframework.security.core.userdetails.User [Username=admin, Password=[PROTECTED], Enabled=true, AccountNonExpired=true, CredentialsNonExpired=true, AccountNonLocked=true, Granted Authorities=[ROLE_USER]], Credentials=[PROTECTED], Authenticated=true, Details=WebAuthenticationDetails [RemoteIpAddress=0:0:0:0:0:0:0:1, SessionId=D87CFE65690D10451FA21025C83C4F85], Granted Authorities=[ROLE_USER]]]
2025-05-24T18:17:27.126-05:00  INFO 83124 --- [Matricula] [SpringApplicationShutdownHook] o.s.b.w.e.tomcat.GracefulShutdown        : Commencing graceful shutdown. Waiting for active requests to complete
2025-05-24T18:17:27.132-05:00  INFO 83124 --- [Matricula] [tomcat-shutdown] o.s.b.w.e.tomcat.GracefulShutdown        : Graceful shutdown complete
2025-05-24T18:17:27.136-05:00  INFO 83124 --- [Matricula] [SpringApplicationShutdownHook] j.LocalContainerEntityManagerFactoryBean : Closing JPA EntityManagerFactory for persistence unit 'default'
2025-05-24T18:17:27.138-05:00  INFO 83124 --- [Matricula] [SpringApplicationShutdownHook] com.zaxxer.hikari.HikariDataSource       : HikariPool-1 - Shutdown initiated...
2025-05-24T18:17:27.140-05:00  INFO 83124 --- [Matricula] [SpringApplicationShutdownHook] com.zaxxer.hikari.HikariDataSource       : HikariPool-1 - Shutdown completed.
2025-05-24T18:17:28.879-05:00  INFO 48252 --- [Matricula] [main] com.matricula.MatriculaApplication       : Starting MatriculaApplication using Java 23.0.2 with PID 48252 (D:\My Drive\Isil\Ciclo IV\Proyecto Tecnologico\Proyectos\Matricula\target\classes started by jaimi in D:\My Drive\Isil\Ciclo IV\Proyecto Tecnologico\Proyectos\Matricula)
2025-05-24T18:17:28.883-05:00 DEBUG 48252 --- [Matricula] [main] com.matricula.MatriculaApplication       : Running with Spring Boot v3.4.4, Spring v6.2.5
2025-05-24T18:17:28.884-05:00  INFO 48252 --- [Matricula] [main] com.matricula.MatriculaApplication       : The following 1 profile is active: "dev"
2025-05-24T18:17:29.539-05:00  INFO 48252 --- [Matricula] [main] .s.d.r.c.RepositoryConfigurationDelegate : Bootstrapping Spring Data JPA repositories in DEFAULT mode.
2025-05-24T18:17:29.624-05:00  INFO 48252 --- [Matricula] [main] .s.d.r.c.RepositoryConfigurationDelegate : Finished Spring Data repository scanning in 75 ms. Found 2 JPA repository interfaces.
2025-05-24T18:17:30.126-05:00  INFO 48252 --- [Matricula] [main] o.s.b.w.embedded.tomcat.TomcatWebServer  : Tomcat initialized with port 8080 (http)
2025-05-24T18:17:30.143-05:00  INFO 48252 --- [Matricula] [main] o.apache.catalina.core.StandardService   : Starting service [Tomcat]
2025-05-24T18:17:30.144-05:00  INFO 48252 --- [Matricula] [main] o.apache.catalina.core.StandardEngine    : Starting Servlet engine: [Apache Tomcat/10.1.39]
2025-05-24T18:17:30.190-05:00  INFO 48252 --- [Matricula] [main] o.a.c.c.C.[Tomcat].[localhost].[/]       : Initializing Spring embedded WebApplicationContext
2025-05-24T18:17:30.190-05:00  INFO 48252 --- [Matricula] [main] w.s.c.ServletWebServerApplicationContext : Root WebApplicationContext: initialization completed in 1263 ms
2025-05-24T18:17:30.384-05:00  INFO 48252 --- [Matricula] [main] o.hibernate.jpa.internal.util.LogHelper  : HHH000204: Processing PersistenceUnitInfo [name: default]
2025-05-24T18:17:30.449-05:00  INFO 48252 --- [Matricula] [main] org.hibernate.Version                    : HHH000412: Hibernate ORM core version 6.6.11.Final
2025-05-24T18:17:30.485-05:00  INFO 48252 --- [Matricula] [main] o.h.c.internal.RegionFactoryInitiator    : HHH000026: Second-level cache disabled
2025-05-24T18:17:30.779-05:00  INFO 48252 --- [Matricula] [main] o.s.o.j.p.SpringPersistenceUnitInfo      : No LoadTimeWeaver setup: ignoring JPA class transformer
2025-05-24T18:17:30.813-05:00  INFO 48252 --- [Matricula] [main] com.zaxxer.hikari.HikariDataSource       : HikariPool-1 - Starting...
2025-05-24T18:17:31.052-05:00  INFO 48252 --- [Matricula] [main] com.zaxxer.hikari.pool.HikariPool        : HikariPool-1 - Added connection ConnectionID:1 ClientConnectionId: 742dd806-a941-487a-b102-3fd174063548
2025-05-24T18:17:31.054-05:00  INFO 48252 --- [Matricula] [main] com.zaxxer.hikari.HikariDataSource       : HikariPool-1 - Start completed.
2025-05-24T18:17:31.115-05:00  INFO 48252 --- [Matricula] [main] org.hibernate.orm.connections.pooling    : HHH10001005: Database info:
	Database JDBC URL [Connecting through datasource 'HikariDataSource (HikariPool-1)']
	Database driver: undefined/unknown
	Database version: 16.0
	Autocommit mode: undefined/unknown
	Isolation level: undefined/unknown
	Minimum pool size: undefined/unknown
	Maximum pool size: undefined/unknown
2025-05-24T18:17:31.956-05:00  INFO 48252 --- [Matricula] [main] o.h.e.t.j.p.i.JtaPlatformInitiator       : HHH000489: No JTA platform available (set 'hibernate.transaction.jta.platform' to enable JTA platform integration)
2025-05-24T18:17:32.264-05:00  INFO 48252 --- [Matricula] [main] j.LocalContainerEntityManagerFactoryBean : Initialized JPA EntityManagerFactory for persistence unit 'default'
2025-05-24T18:17:32.537-05:00  WARN 48252 --- [Matricula] [main] JpaBaseConfiguration$JpaWebConfiguration : spring.jpa.open-in-view is enabled by default. Therefore, database queries may be performed during view rendering. Explicitly configure spring.jpa.open-in-view to disable this warning
2025-05-24T18:17:32.557-05:00  INFO 48252 --- [Matricula] [main] eAuthenticationProviderManagerConfigurer : Global AuthenticationManager configured with AuthenticationProvider bean with name authenticationProvider
2025-05-24T18:17:32.557-05:00  WARN 48252 --- [Matricula] [main] r$InitializeUserDetailsManagerConfigurer : Global AuthenticationManager configured with an AuthenticationProvider bean. UserDetailsService beans will not be used by Spring Security for automatically configuring username/password login. Consider removing the AuthenticationProvider bean. Alternatively, consider using the UserDetailsService in a manually instantiated DaoAuthenticationProvider. If the current configuration is intentional, to turn off this warning, increase the logging level of 'org.springframework.security.config.annotation.authentication.configuration.InitializeUserDetailsBeanManagerConfigurer' to ERROR
2025-05-24T18:17:32.780-05:00 DEBUG 48252 --- [Matricula] [main] o.s.s.web.DefaultSecurityFilterChain     : Will secure any request with filters: DisableEncodeUrlFilter, WebAsyncManagerIntegrationFilter, SecurityContextHolderFilter, HeaderWriterFilter, CsrfFilter, LogoutFilter, UsernamePasswordAuthenticationFilter, RequestCacheAwareFilter, SecurityContextHolderAwareRequestFilter, AnonymousAuthenticationFilter, ExceptionTranslationFilter, AuthorizationFilter
2025-05-24T18:17:32.984-05:00  INFO 48252 --- [Matricula] [main] o.s.b.w.embedded.tomcat.TomcatWebServer  : Tomcat started on port 8080 (http) with context path '/'
2025-05-24T18:17:32.990-05:00  INFO 48252 --- [Matricula] [main] com.matricula.MatriculaApplication       : Started MatriculaApplication in 4.558 seconds (process running for 5.029)
2025-05-24T18:17:46.830-05:00  INFO 48252 --- [Matricula] [http-nio-8080-exec-1] o.a.c.c.C.[Tomcat].[localhost].[/]       : Initializing Spring DispatcherServlet 'dispatcherServlet'
2025-05-24T18:17:46.830-05:00  INFO 48252 --- [Matricula] [http-nio-8080-exec-1] o.s.web.servlet.DispatcherServlet        : Initializing Servlet 'dispatcherServlet'
2025-05-24T18:17:46.831-05:00  INFO 48252 --- [Matricula] [http-nio-8080-exec-1] o.s.web.servlet.DispatcherServlet        : Completed initialization in 1 ms
2025-05-24T18:17:46.849-05:00 DEBUG 48252 --- [Matricula] [http-nio-8080-exec-1] o.s.security.web.FilterChainProxy        : Securing GET /inicio
2025-05-24T18:17:46.859-05:00 DEBUG 48252 --- [Matricula] [http-nio-8080-exec-1] o.s.s.w.a.AnonymousAuthenticationFilter  : Set SecurityContextHolder to anonymous SecurityContext
2025-05-24T18:17:46.876-05:00 DEBUG 48252 --- [Matricula] [http-nio-8080-exec-1] o.s.s.w.s.HttpSessionRequestCache        : Saved request http://localhost:8080/inicio?continue to session
2025-05-24T18:17:46.877-05:00 DEBUG 48252 --- [Matricula] [http-nio-8080-exec-1] o.s.s.web.DefaultRedirectStrategy        : Redirecting to http://localhost:8080/login
2025-05-24T18:17:46.882-05:00 DEBUG 48252 --- [Matricula] [http-nio-8080-exec-2] o.s.security.web.FilterChainProxy        : Securing GET /login
2025-05-24T18:17:46.883-05:00 DEBUG 48252 --- [Matricula] [http-nio-8080-exec-2] o.s.security.web.FilterChainProxy        : Secured GET /login
2025-05-24T18:17:47.163-05:00 DEBUG 48252 --- [Matricula] [http-nio-8080-exec-2] o.s.s.w.a.AnonymousAuthenticationFilter  : Set SecurityContextHolder to anonymous SecurityContext
2025-05-24T18:17:47.176-05:00 DEBUG 48252 --- [Matricula] [http-nio-8080-exec-3] o.s.security.web.FilterChainProxy        : Securing GET /css/style.css
2025-05-24T18:17:47.178-05:00 DEBUG 48252 --- [Matricula] [http-nio-8080-exec-3] o.s.security.web.FilterChainProxy        : Secured GET /css/style.css
2025-05-24T18:17:47.194-05:00 DEBUG 48252 --- [Matricula] [http-nio-8080-exec-3] o.s.s.w.a.AnonymousAuthenticationFilter  : Set SecurityContextHolder to anonymous SecurityContext
2025-05-24T18:17:51.066-05:00 DEBUG 48252 --- [Matricula] [http-nio-8080-exec-4] o.s.security.web.FilterChainProxy        : Securing POST /login
2025-05-24T18:17:51.218-05:00 DEBUG 48252 --- [Matricula] [http-nio-8080-exec-4] o.s.s.a.dao.DaoAuthenticationProvider    : Authenticated user
2025-05-24T18:17:51.219-05:00 DEBUG 48252 --- [Matricula] [http-nio-8080-exec-4] .s.ChangeSessionIdAuthenticationStrategy : Changed session id from 1271933FCDF2322CC416C96951F90EC4
2025-05-24T18:17:51.220-05:00 DEBUG 48252 --- [Matricula] [http-nio-8080-exec-4] o.s.s.w.csrf.CsrfAuthenticationStrategy  : Replaced CSRF Token
2025-05-24T18:17:51.221-05:00 DEBUG 48252 --- [Matricula] [http-nio-8080-exec-4] w.c.HttpSessionSecurityContextRepository : Stored SecurityContextImpl [Authentication=UsernamePasswordAuthenticationToken [Principal=org.springframework.security.core.userdetails.User [Username=admin, Password=[PROTECTED], Enabled=true, AccountNonExpired=true, CredentialsNonExpired=true, AccountNonLocked=true, Granted Authorities=[ROLE_USER]], Credentials=[PROTECTED], Authenticated=true, Details=WebAuthenticationDetails [RemoteIpAddress=0:0:0:0:0:0:0:1, SessionId=1271933FCDF2322CC416C96951F90EC4], Granted Authorities=[ROLE_USER]]] to HttpSession [org.apache.catalina.session.StandardSessionFacade@196c81a]
2025-05-24T18:17:51.221-05:00 DEBUG 48252 --- [Matricula] [http-nio-8080-exec-4] w.a.UsernamePasswordAuthenticationFilter : Set SecurityContextHolder to UsernamePasswordAuthenticationToken [Principal=org.springframework.security.core.userdetails.User [Username=admin, Password=[PROTECTED], Enabled=true, AccountNonExpired=true, CredentialsNonExpired=true, AccountNonLocked=true, Granted Authorities=[ROLE_USER]], Credentials=[PROTECTED], Authenticated=true, Details=WebAuthenticationDetails [RemoteIpAddress=0:0:0:0:0:0:0:1, SessionId=1271933FCDF2322CC416C96951F90EC4], Granted Authorities=[ROLE_USER]]
2025-05-24T18:17:51.221-05:00 DEBUG 48252 --- [Matricula] [http-nio-8080-exec-4] o.s.s.web.DefaultRedirectStrategy        : Redirecting to /inicio
2025-05-24T18:17:51.225-05:00 DEBUG 48252 --- [Matricula] [http-nio-8080-exec-5] o.s.security.web.FilterChainProxy        : Securing GET /inicio
2025-05-24T18:17:51.225-05:00 DEBUG 48252 --- [Matricula] [http-nio-8080-exec-5] w.c.HttpSessionSecurityContextRepository : Retrieved SecurityContextImpl [Authentication=UsernamePasswordAuthenticationToken [Principal=org.springframework.security.core.userdetails.User [Username=admin, Password=[PROTECTED], Enabled=true, AccountNonExpired=true, CredentialsNonExpired=true, AccountNonLocked=true, Granted Authorities=[ROLE_USER]], Credentials=[PROTECTED], Authenticated=true, Details=WebAuthenticationDetails [RemoteIpAddress=0:0:0:0:0:0:0:1, SessionId=1271933FCDF2322CC416C96951F90EC4], Granted Authorities=[ROLE_USER]]]
2025-05-24T18:17:51.225-05:00 DEBUG 48252 --- [Matricula] [http-nio-8080-exec-5] o.s.security.web.FilterChainProxy        : Secured GET /inicio
2025-05-24T18:17:51.254-05:00 DEBUG 48252 --- [Matricula] [http-nio-8080-exec-6] o.s.security.web.FilterChainProxy        : Securing GET /css/style.css
2025-05-24T18:17:51.254-05:00 DEBUG 48252 --- [Matricula] [http-nio-8080-exec-6] o.s.security.web.FilterChainProxy        : Secured GET /css/style.css
2025-05-24T18:17:51.255-05:00 DEBUG 48252 --- [Matricula] [http-nio-8080-exec-7] o.s.security.web.FilterChainProxy        : Securing GET /images/alumnos.png
2025-05-24T18:17:51.255-05:00 DEBUG 48252 --- [Matricula] [http-nio-8080-exec-7] o.s.security.web.FilterChainProxy        : Secured GET /images/alumnos.png
2025-05-24T18:17:51.255-05:00 DEBUG 48252 --- [Matricula] [http-nio-8080-exec-8] o.s.security.web.FilterChainProxy        : Securing GET /images/cursos.png
2025-05-24T18:17:51.256-05:00 DEBUG 48252 --- [Matricula] [http-nio-8080-exec-8] o.s.security.web.FilterChainProxy        : Secured GET /images/cursos.png
2025-05-24T18:17:51.260-05:00 DEBUG 48252 --- [Matricula] [http-nio-8080-exec-9] o.s.security.web.FilterChainProxy        : Securing GET /images/exit.png
2025-05-24T18:17:51.260-05:00 DEBUG 48252 --- [Matricula] [http-nio-8080-exec-9] o.s.security.web.FilterChainProxy        : Secured GET /images/exit.png
2025-05-24T18:17:51.269-05:00 DEBUG 48252 --- [Matricula] [http-nio-8080-exec-6] w.c.HttpSessionSecurityContextRepository : Retrieved SecurityContextImpl [Authentication=UsernamePasswordAuthenticationToken [Principal=org.springframework.security.core.userdetails.User [Username=admin, Password=[PROTECTED], Enabled=true, AccountNonExpired=true, CredentialsNonExpired=true, AccountNonLocked=true, Granted Authorities=[ROLE_USER]], Credentials=[PROTECTED], Authenticated=true, Details=WebAuthenticationDetails [RemoteIpAddress=0:0:0:0:0:0:0:1, SessionId=1271933FCDF2322CC416C96951F90EC4], Granted Authorities=[ROLE_USER]]]
2025-05-24T18:17:51.270-05:00 DEBUG 48252 --- [Matricula] [http-nio-8080-exec-7] w.c.HttpSessionSecurityContextRepository : Retrieved SecurityContextImpl [Authentication=UsernamePasswordAuthenticationToken [Principal=org.springframework.security.core.userdetails.User [Username=admin, Password=[PROTECTED], Enabled=true, AccountNonExpired=true, CredentialsNonExpired=true, AccountNonLocked=true, Granted Authorities=[ROLE_USER]], Credentials=[PROTECTED], Authenticated=true, Details=WebAuthenticationDetails [RemoteIpAddress=0:0:0:0:0:0:0:1, SessionId=1271933FCDF2322CC416C96951F90EC4], Granted Authorities=[ROLE_USER]]]
2025-05-24T18:17:51.270-05:00 DEBUG 48252 --- [Matricula] [http-nio-8080-exec-8] w.c.HttpSessionSecurityContextRepository : Retrieved SecurityContextImpl [Authentication=UsernamePasswordAuthenticationToken [Principal=org.springframework.security.core.userdetails.User [Username=admin, Password=[PROTECTED], Enabled=true, AccountNonExpired=true, CredentialsNonExpired=true, AccountNonLocked=true, Granted Authorities=[ROLE_USER]], Credentials=[PROTECTED], Authenticated=true, Details=WebAuthenticationDetails [RemoteIpAddress=0:0:0:0:0:0:0:1, SessionId=1271933FCDF2322CC416C96951F90EC4], Granted Authorities=[ROLE_USER]]]
2025-05-24T18:17:51.272-05:00 DEBUG 48252 --- [Matricula] [http-nio-8080-exec-9] w.c.HttpSessionSecurityContextRepository : Retrieved SecurityContextImpl [Authentication=UsernamePasswordAuthenticationToken [Principal=org.springframework.security.core.userdetails.User [Username=admin, Password=[PROTECTED], Enabled=true, AccountNonExpired=true, CredentialsNonExpired=true, AccountNonLocked=true, Granted Authorities=[ROLE_USER]], Credentials=[PROTECTED], Authenticated=true, Details=WebAuthenticationDetails [RemoteIpAddress=0:0:0:0:0:0:0:1, SessionId=1271933FCDF2322CC416C96951F90EC4], Granted Authorities=[ROLE_USER]]]
2025-05-24T18:18:16.279-05:00  INFO 48252 --- [Matricula] [SpringApplicationShutdownHook] o.s.b.w.e.tomcat.GracefulShutdown        : Commencing graceful shutdown. Waiting for active requests to complete
2025-05-24T18:18:16.285-05:00  INFO 48252 --- [Matricula] [tomcat-shutdown] o.s.b.w.e.tomcat.GracefulShutdown        : Graceful shutdown complete
2025-05-24T18:18:16.288-05:00  INFO 48252 --- [Matricula] [SpringApplicationShutdownHook] j.LocalContainerEntityManagerFactoryBean : Closing JPA EntityManagerFactory for persistence unit 'default'
2025-05-24T18:18:16.290-05:00  INFO 48252 --- [Matricula] [SpringApplicationShutdownHook] com.zaxxer.hikari.HikariDataSource       : HikariPool-1 - Shutdown initiated...
2025-05-24T18:18:16.294-05:00  INFO 48252 --- [Matricula] [SpringApplicationShutdownHook] com.zaxxer.hikari.HikariDataSource       : HikariPool-1 - Shutdown completed.
2025-05-24T18:36:07.561-05:00  INFO 41496 --- [Matricula] [main] com.matricula.MatriculaApplication       : Starting MatriculaApplication using Java 23.0.2 with PID 41496 (D:\My Drive\Isil\Ciclo IV\Proyecto Tecnologico\Proyectos\Matricula\target\classes started by jaimi in D:\My Drive\Isil\Ciclo IV\Proyecto Tecnologico\Proyectos\Matricula)
2025-05-24T18:36:07.565-05:00 DEBUG 41496 --- [Matricula] [main] com.matricula.MatriculaApplication       : Running with Spring Boot v3.4.4, Spring v6.2.5
2025-05-24T18:36:07.566-05:00  INFO 41496 --- [Matricula] [main] com.matricula.MatriculaApplication       : The following 1 profile is active: "dev"
2025-05-24T18:36:08.207-05:00  INFO 41496 --- [Matricula] [main] .s.d.r.c.RepositoryConfigurationDelegate : Bootstrapping Spring Data JPA repositories in DEFAULT mode.
2025-05-24T18:36:08.285-05:00  INFO 41496 --- [Matricula] [main] .s.d.r.c.RepositoryConfigurationDelegate : Finished Spring Data repository scanning in 71 ms. Found 2 JPA repository interfaces.
2025-05-24T18:36:08.704-05:00  INFO 41496 --- [Matricula] [main] o.s.b.w.embedded.tomcat.TomcatWebServer  : Tomcat initialized with port 8080 (http)
2025-05-24T18:36:08.716-05:00  INFO 41496 --- [Matricula] [main] o.apache.catalina.core.StandardService   : Starting service [Tomcat]
2025-05-24T18:36:08.716-05:00  INFO 41496 --- [Matricula] [main] o.apache.catalina.core.StandardEngine    : Starting Servlet engine: [Apache Tomcat/10.1.39]
2025-05-24T18:36:08.758-05:00  INFO 41496 --- [Matricula] [main] o.a.c.c.C.[Tomcat].[localhost].[/]       : Initializing Spring embedded WebApplicationContext
2025-05-24T18:36:08.758-05:00  INFO 41496 --- [Matricula] [main] w.s.c.ServletWebServerApplicationContext : Root WebApplicationContext: initialization completed in 1150 ms
2025-05-24T18:36:08.934-05:00  INFO 41496 --- [Matricula] [main] o.hibernate.jpa.internal.util.LogHelper  : HHH000204: Processing PersistenceUnitInfo [name: default]
2025-05-24T18:36:08.990-05:00  INFO 41496 --- [Matricula] [main] org.hibernate.Version                    : HHH000412: Hibernate ORM core version 6.6.11.Final
2025-05-24T18:36:09.022-05:00  INFO 41496 --- [Matricula] [main] o.h.c.internal.RegionFactoryInitiator    : HHH000026: Second-level cache disabled
2025-05-24T18:36:09.293-05:00  INFO 41496 --- [Matricula] [main] o.s.o.j.p.SpringPersistenceUnitInfo      : No LoadTimeWeaver setup: ignoring JPA class transformer
2025-05-24T18:36:09.323-05:00  INFO 41496 --- [Matricula] [main] com.zaxxer.hikari.HikariDataSource       : HikariPool-1 - Starting...
2025-05-24T18:36:09.549-05:00  INFO 41496 --- [Matricula] [main] com.zaxxer.hikari.pool.HikariPool        : HikariPool-1 - Added connection ConnectionID:1 ClientConnectionId: 94c7bb68-39f0-4d77-9f5a-e90ce05d10f5
2025-05-24T18:36:09.551-05:00  INFO 41496 --- [Matricula] [main] com.zaxxer.hikari.HikariDataSource       : HikariPool-1 - Start completed.
2025-05-24T18:36:09.611-05:00  INFO 41496 --- [Matricula] [main] org.hibernate.orm.connections.pooling    : HHH10001005: Database info:
	Database JDBC URL [Connecting through datasource 'HikariDataSource (HikariPool-1)']
	Database driver: undefined/unknown
	Database version: 16.0
	Autocommit mode: undefined/unknown
	Isolation level: undefined/unknown
	Minimum pool size: undefined/unknown
	Maximum pool size: undefined/unknown
2025-05-24T18:36:10.411-05:00  INFO 41496 --- [Matricula] [main] o.h.e.t.j.p.i.JtaPlatformInitiator       : HHH000489: No JTA platform available (set 'hibernate.transaction.jta.platform' to enable JTA platform integration)
2025-05-24T18:36:10.713-05:00  INFO 41496 --- [Matricula] [main] j.LocalContainerEntityManagerFactoryBean : Initialized JPA EntityManagerFactory for persistence unit 'default'
2025-05-24T18:36:10.981-05:00  WARN 41496 --- [Matricula] [main] JpaBaseConfiguration$JpaWebConfiguration : spring.jpa.open-in-view is enabled by default. Therefore, database queries may be performed during view rendering. Explicitly configure spring.jpa.open-in-view to disable this warning
2025-05-24T18:36:11.001-05:00  INFO 41496 --- [Matricula] [main] eAuthenticationProviderManagerConfigurer : Global AuthenticationManager configured with AuthenticationProvider bean with name authenticationProvider
2025-05-24T18:36:11.001-05:00  WARN 41496 --- [Matricula] [main] r$InitializeUserDetailsManagerConfigurer : Global AuthenticationManager configured with an AuthenticationProvider bean. UserDetailsService beans will not be used by Spring Security for automatically configuring username/password login. Consider removing the AuthenticationProvider bean. Alternatively, consider using the UserDetailsService in a manually instantiated DaoAuthenticationProvider. If the current configuration is intentional, to turn off this warning, increase the logging level of 'org.springframework.security.config.annotation.authentication.configuration.InitializeUserDetailsBeanManagerConfigurer' to ERROR
2025-05-24T18:36:11.200-05:00 DEBUG 41496 --- [Matricula] [main] o.s.s.web.DefaultSecurityFilterChain     : Will secure any request with filters: DisableEncodeUrlFilter, WebAsyncManagerIntegrationFilter, SecurityContextHolderFilter, HeaderWriterFilter, CsrfFilter, LogoutFilter, UsernamePasswordAuthenticationFilter, RequestCacheAwareFilter, SecurityContextHolderAwareRequestFilter, AnonymousAuthenticationFilter, ExceptionTranslationFilter, AuthorizationFilter
2025-05-24T18:36:11.401-05:00  INFO 41496 --- [Matricula] [main] o.s.b.w.embedded.tomcat.TomcatWebServer  : Tomcat started on port 8080 (http) with context path '/'
2025-05-24T18:36:11.406-05:00  INFO 41496 --- [Matricula] [main] com.matricula.MatriculaApplication       : Started MatriculaApplication in 4.258 seconds (process running for 4.717)
2025-05-24T18:36:16.777-05:00  INFO 41496 --- [Matricula] [http-nio-8080-exec-1] o.a.c.c.C.[Tomcat].[localhost].[/]       : Initializing Spring DispatcherServlet 'dispatcherServlet'
2025-05-24T18:36:16.777-05:00  INFO 41496 --- [Matricula] [http-nio-8080-exec-1] o.s.web.servlet.DispatcherServlet        : Initializing Servlet 'dispatcherServlet'
2025-05-24T18:36:16.778-05:00  INFO 41496 --- [Matricula] [http-nio-8080-exec-1] o.s.web.servlet.DispatcherServlet        : Completed initialization in 1 ms
2025-05-24T18:36:16.795-05:00 DEBUG 41496 --- [Matricula] [http-nio-8080-exec-1] o.s.security.web.FilterChainProxy        : Securing GET /inicio
2025-05-24T18:36:16.805-05:00 DEBUG 41496 --- [Matricula] [http-nio-8080-exec-1] o.s.s.w.a.AnonymousAuthenticationFilter  : Set SecurityContextHolder to anonymous SecurityContext
2025-05-24T18:36:16.822-05:00 DEBUG 41496 --- [Matricula] [http-nio-8080-exec-1] o.s.s.w.s.HttpSessionRequestCache        : Saved request http://localhost:8080/inicio?continue to session
2025-05-24T18:36:16.823-05:00 DEBUG 41496 --- [Matricula] [http-nio-8080-exec-1] o.s.s.web.DefaultRedirectStrategy        : Redirecting to http://localhost:8080/login
2025-05-24T18:36:16.830-05:00 DEBUG 41496 --- [Matricula] [http-nio-8080-exec-2] o.s.security.web.FilterChainProxy        : Securing GET /login
2025-05-24T18:36:16.831-05:00 DEBUG 41496 --- [Matricula] [http-nio-8080-exec-2] o.s.security.web.FilterChainProxy        : Secured GET /login
2025-05-24T18:36:17.109-05:00 DEBUG 41496 --- [Matricula] [http-nio-8080-exec-2] o.s.s.w.a.AnonymousAuthenticationFilter  : Set SecurityContextHolder to anonymous SecurityContext
2025-05-24T18:36:17.116-05:00 DEBUG 41496 --- [Matricula] [http-nio-8080-exec-3] o.s.security.web.FilterChainProxy        : Securing GET /css/style.css
2025-05-24T18:36:17.116-05:00 DEBUG 41496 --- [Matricula] [http-nio-8080-exec-3] o.s.security.web.FilterChainProxy        : Secured GET /css/style.css
2025-05-24T18:36:17.129-05:00 DEBUG 41496 --- [Matricula] [http-nio-8080-exec-3] o.s.s.w.a.AnonymousAuthenticationFilter  : Set SecurityContextHolder to anonymous SecurityContext
2025-05-24T18:36:22.280-05:00 DEBUG 41496 --- [Matricula] [http-nio-8080-exec-4] o.s.security.web.FilterChainProxy        : Securing POST /login
2025-05-24T18:36:22.417-05:00 DEBUG 41496 --- [Matricula] [http-nio-8080-exec-4] o.s.s.a.dao.DaoAuthenticationProvider    : Authenticated user
2025-05-24T18:36:22.418-05:00 DEBUG 41496 --- [Matricula] [http-nio-8080-exec-4] .s.ChangeSessionIdAuthenticationStrategy : Changed session id from 9A5A2D841170B1D6ABD0187CD53824C3
2025-05-24T18:36:22.418-05:00 DEBUG 41496 --- [Matricula] [http-nio-8080-exec-4] o.s.s.w.csrf.CsrfAuthenticationStrategy  : Replaced CSRF Token
2025-05-24T18:36:22.419-05:00 DEBUG 41496 --- [Matricula] [http-nio-8080-exec-4] w.c.HttpSessionSecurityContextRepository : Stored SecurityContextImpl [Authentication=UsernamePasswordAuthenticationToken [Principal=org.springframework.security.core.userdetails.User [Username=admin, Password=[PROTECTED], Enabled=true, AccountNonExpired=true, CredentialsNonExpired=true, AccountNonLocked=true, Granted Authorities=[ROLE_USER]], Credentials=[PROTECTED], Authenticated=true, Details=WebAuthenticationDetails [RemoteIpAddress=0:0:0:0:0:0:0:1, SessionId=9A5A2D841170B1D6ABD0187CD53824C3], Granted Authorities=[ROLE_USER]]] to HttpSession [org.apache.catalina.session.StandardSessionFacade@159fd899]
2025-05-24T18:36:22.420-05:00 DEBUG 41496 --- [Matricula] [http-nio-8080-exec-4] w.a.UsernamePasswordAuthenticationFilter : Set SecurityContextHolder to UsernamePasswordAuthenticationToken [Principal=org.springframework.security.core.userdetails.User [Username=admin, Password=[PROTECTED], Enabled=true, AccountNonExpired=true, CredentialsNonExpired=true, AccountNonLocked=true, Granted Authorities=[ROLE_USER]], Credentials=[PROTECTED], Authenticated=true, Details=WebAuthenticationDetails [RemoteIpAddress=0:0:0:0:0:0:0:1, SessionId=9A5A2D841170B1D6ABD0187CD53824C3], Granted Authorities=[ROLE_USER]]
2025-05-24T18:36:22.420-05:00 DEBUG 41496 --- [Matricula] [http-nio-8080-exec-4] o.s.s.web.DefaultRedirectStrategy        : Redirecting to /inicio
2025-05-24T18:36:22.423-05:00 DEBUG 41496 --- [Matricula] [http-nio-8080-exec-5] o.s.security.web.FilterChainProxy        : Securing GET /inicio
2025-05-24T18:36:22.424-05:00 DEBUG 41496 --- [Matricula] [http-nio-8080-exec-5] w.c.HttpSessionSecurityContextRepository : Retrieved SecurityContextImpl [Authentication=UsernamePasswordAuthenticationToken [Principal=org.springframework.security.core.userdetails.User [Username=admin, Password=[PROTECTED], Enabled=true, AccountNonExpired=true, CredentialsNonExpired=true, AccountNonLocked=true, Granted Authorities=[ROLE_USER]], Credentials=[PROTECTED], Authenticated=true, Details=WebAuthenticationDetails [RemoteIpAddress=0:0:0:0:0:0:0:1, SessionId=9A5A2D841170B1D6ABD0187CD53824C3], Granted Authorities=[ROLE_USER]]]
2025-05-24T18:36:22.424-05:00 DEBUG 41496 --- [Matricula] [http-nio-8080-exec-5] o.s.security.web.FilterChainProxy        : Secured GET /inicio
2025-05-24T18:36:22.449-05:00 DEBUG 41496 --- [Matricula] [http-nio-8080-exec-6] o.s.security.web.FilterChainProxy        : Securing GET /css/style.css
2025-05-24T18:36:22.449-05:00 DEBUG 41496 --- [Matricula] [http-nio-8080-exec-6] o.s.security.web.FilterChainProxy        : Secured GET /css/style.css
2025-05-24T18:36:22.450-05:00 DEBUG 41496 --- [Matricula] [http-nio-8080-exec-9] o.s.security.web.FilterChainProxy        : Securing GET /images/cursos.png
2025-05-24T18:36:22.451-05:00 DEBUG 41496 --- [Matricula] [http-nio-8080-exec-7] o.s.security.web.FilterChainProxy        : Securing GET /images/alumnos.png
2025-05-24T18:36:22.451-05:00 DEBUG 41496 --- [Matricula] [http-nio-8080-exec-9] o.s.security.web.FilterChainProxy        : Secured GET /images/cursos.png
2025-05-24T18:36:22.451-05:00 DEBUG 41496 --- [Matricula] [http-nio-8080-exec-7] o.s.security.web.FilterChainProxy        : Secured GET /images/alumnos.png
2025-05-24T18:36:22.456-05:00 DEBUG 41496 --- [Matricula] [http-nio-8080-exec-8] o.s.security.web.FilterChainProxy        : Securing GET /images/docentes.png
2025-05-24T18:36:22.456-05:00 DEBUG 41496 --- [Matricula] [http-nio-8080-exec-8] o.s.security.web.FilterChainProxy        : Secured GET /images/docentes.png
2025-05-24T18:36:22.459-05:00 DEBUG 41496 --- [Matricula] [http-nio-8080-exec-10] o.s.security.web.FilterChainProxy        : Securing GET /images/secciones.png
2025-05-24T18:36:22.459-05:00 DEBUG 41496 --- [Matricula] [http-nio-8080-exec-1] o.s.security.web.FilterChainProxy        : Securing GET /images/finanzas.png
2025-05-24T18:36:22.460-05:00 DEBUG 41496 --- [Matricula] [http-nio-8080-exec-10] o.s.security.web.FilterChainProxy        : Secured GET /images/secciones.png
2025-05-24T18:36:22.461-05:00 DEBUG 41496 --- [Matricula] [http-nio-8080-exec-1] o.s.security.web.FilterChainProxy        : Secured GET /images/finanzas.png
2025-05-24T18:36:22.463-05:00 DEBUG 41496 --- [Matricula] [http-nio-8080-exec-6] w.c.HttpSessionSecurityContextRepository : Retrieved SecurityContextImpl [Authentication=UsernamePasswordAuthenticationToken [Principal=org.springframework.security.core.userdetails.User [Username=admin, Password=[PROTECTED], Enabled=true, AccountNonExpired=true, CredentialsNonExpired=true, AccountNonLocked=true, Granted Authorities=[ROLE_USER]], Credentials=[PROTECTED], Authenticated=true, Details=WebAuthenticationDetails [RemoteIpAddress=0:0:0:0:0:0:0:1, SessionId=9A5A2D841170B1D6ABD0187CD53824C3], Granted Authorities=[ROLE_USER]]]
2025-05-24T18:36:22.464-05:00 DEBUG 41496 --- [Matricula] [http-nio-8080-exec-9] w.c.HttpSessionSecurityContextRepository : Retrieved SecurityContextImpl [Authentication=UsernamePasswordAuthenticationToken [Principal=org.springframework.security.core.userdetails.User [Username=admin, Password=[PROTECTED], Enabled=true, AccountNonExpired=true, CredentialsNonExpired=true, AccountNonLocked=true, Granted Authorities=[ROLE_USER]], Credentials=[PROTECTED], Authenticated=true, Details=WebAuthenticationDetails [RemoteIpAddress=0:0:0:0:0:0:0:1, SessionId=9A5A2D841170B1D6ABD0187CD53824C3], Granted Authorities=[ROLE_USER]]]
2025-05-24T18:36:22.464-05:00 DEBUG 41496 --- [Matricula] [http-nio-8080-exec-6] o.s.security.web.FilterChainProxy        : Securing GET /images/reportes.png
2025-05-24T18:36:22.464-05:00 DEBUG 41496 --- [Matricula] [http-nio-8080-exec-7] w.c.HttpSessionSecurityContextRepository : Retrieved SecurityContextImpl [Authentication=UsernamePasswordAuthenticationToken [Principal=org.springframework.security.core.userdetails.User [Username=admin, Password=[PROTECTED], Enabled=true, AccountNonExpired=true, CredentialsNonExpired=true, AccountNonLocked=true, Granted Authorities=[ROLE_USER]], Credentials=[PROTECTED], Authenticated=true, Details=WebAuthenticationDetails [RemoteIpAddress=0:0:0:0:0:0:0:1, SessionId=9A5A2D841170B1D6ABD0187CD53824C3], Granted Authorities=[ROLE_USER]]]
2025-05-24T18:36:22.464-05:00 DEBUG 41496 --- [Matricula] [http-nio-8080-exec-6] o.s.security.web.FilterChainProxy        : Secured GET /images/reportes.png
2025-05-24T18:36:22.465-05:00 DEBUG 41496 --- [Matricula] [http-nio-8080-exec-9] o.s.security.web.FilterChainProxy        : Securing GET /images/configuracion.png
2025-05-24T18:36:22.465-05:00 DEBUG 41496 --- [Matricula] [http-nio-8080-exec-7] o.s.security.web.FilterChainProxy        : Securing GET /images/exit.png
2025-05-24T18:36:22.465-05:00 DEBUG 41496 --- [Matricula] [http-nio-8080-exec-9] o.s.security.web.FilterChainProxy        : Secured GET /images/configuracion.png
2025-05-24T18:36:22.466-05:00 DEBUG 41496 --- [Matricula] [http-nio-8080-exec-7] o.s.security.web.FilterChainProxy        : Secured GET /images/exit.png
2025-05-24T18:36:22.474-05:00 DEBUG 41496 --- [Matricula] [http-nio-8080-exec-8] w.c.HttpSessionSecurityContextRepository : Retrieved SecurityContextImpl [Authentication=UsernamePasswordAuthenticationToken [Principal=org.springframework.security.core.userdetails.User [Username=admin, Password=[PROTECTED], Enabled=true, AccountNonExpired=true, CredentialsNonExpired=true, AccountNonLocked=true, Granted Authorities=[ROLE_USER]], Credentials=[PROTECTED], Authenticated=true, Details=WebAuthenticationDetails [RemoteIpAddress=0:0:0:0:0:0:0:1, SessionId=9A5A2D841170B1D6ABD0187CD53824C3], Granted Authorities=[ROLE_USER]]]
2025-05-24T18:36:22.482-05:00 DEBUG 41496 --- [Matricula] [http-nio-8080-exec-1] w.c.HttpSessionSecurityContextRepository : Retrieved SecurityContextImpl [Authentication=UsernamePasswordAuthenticationToken [Principal=org.springframework.security.core.userdetails.User [Username=admin, Password=[PROTECTED], Enabled=true, AccountNonExpired=true, CredentialsNonExpired=true, AccountNonLocked=true, Granted Authorities=[ROLE_USER]], Credentials=[PROTECTED], Authenticated=true, Details=WebAuthenticationDetails [RemoteIpAddress=0:0:0:0:0:0:0:1, SessionId=9A5A2D841170B1D6ABD0187CD53824C3], Granted Authorities=[ROLE_USER]]]
2025-05-24T18:36:22.484-05:00 DEBUG 41496 --- [Matricula] [http-nio-8080-exec-6] w.c.HttpSessionSecurityContextRepository : Retrieved SecurityContextImpl [Authentication=UsernamePasswordAuthenticationToken [Principal=org.springframework.security.core.userdetails.User [Username=admin, Password=[PROTECTED], Enabled=true, AccountNonExpired=true, CredentialsNonExpired=true, AccountNonLocked=true, Granted Authorities=[ROLE_USER]], Credentials=[PROTECTED], Authenticated=true, Details=WebAuthenticationDetails [RemoteIpAddress=0:0:0:0:0:0:0:1, SessionId=9A5A2D841170B1D6ABD0187CD53824C3], Granted Authorities=[ROLE_USER]]]
2025-05-24T18:36:22.484-05:00 DEBUG 41496 --- [Matricula] [http-nio-8080-exec-10] w.c.HttpSessionSecurityContextRepository : Retrieved SecurityContextImpl [Authentication=UsernamePasswordAuthenticationToken [Principal=org.springframework.security.core.userdetails.User [Username=admin, Password=[PROTECTED], Enabled=true, AccountNonExpired=true, CredentialsNonExpired=true, AccountNonLocked=true, Granted Authorities=[ROLE_USER]], Credentials=[PROTECTED], Authenticated=true, Details=WebAuthenticationDetails [RemoteIpAddress=0:0:0:0:0:0:0:1, SessionId=9A5A2D841170B1D6ABD0187CD53824C3], Granted Authorities=[ROLE_USER]]]
2025-05-24T18:36:22.484-05:00 DEBUG 41496 --- [Matricula] [http-nio-8080-exec-7] w.c.HttpSessionSecurityContextRepository : Retrieved SecurityContextImpl [Authentication=UsernamePasswordAuthenticationToken [Principal=org.springframework.security.core.userdetails.User [Username=admin, Password=[PROTECTED], Enabled=true, AccountNonExpired=true, CredentialsNonExpired=true, AccountNonLocked=true, Granted Authorities=[ROLE_USER]], Credentials=[PROTECTED], Authenticated=true, Details=WebAuthenticationDetails [RemoteIpAddress=0:0:0:0:0:0:0:1, SessionId=9A5A2D841170B1D6ABD0187CD53824C3], Granted Authorities=[ROLE_USER]]]
2025-05-24T18:36:22.484-05:00 DEBUG 41496 --- [Matricula] [http-nio-8080-exec-9] w.c.HttpSessionSecurityContextRepository : Retrieved SecurityContextImpl [Authentication=UsernamePasswordAuthenticationToken [Principal=org.springframework.security.core.userdetails.User [Username=admin, Password=[PROTECTED], Enabled=true, AccountNonExpired=true, CredentialsNonExpired=true, AccountNonLocked=true, Granted Authorities=[ROLE_USER]], Credentials=[PROTECTED], Authenticated=true, Details=WebAuthenticationDetails [RemoteIpAddress=0:0:0:0:0:0:0:1, SessionId=9A5A2D841170B1D6ABD0187CD53824C3], Granted Authorities=[ROLE_USER]]]
2025-05-24T18:51:40.970-05:00  INFO 41496 --- [Matricula] [SpringApplicationShutdownHook] o.s.b.w.e.tomcat.GracefulShutdown        : Commencing graceful shutdown. Waiting for active requests to complete
2025-05-24T18:51:40.975-05:00  INFO 41496 --- [Matricula] [tomcat-shutdown] o.s.b.w.e.tomcat.GracefulShutdown        : Graceful shutdown complete
2025-05-24T18:51:40.978-05:00  INFO 41496 --- [Matricula] [SpringApplicationShutdownHook] j.LocalContainerEntityManagerFactoryBean : Closing JPA EntityManagerFactory for persistence unit 'default'
2025-05-24T18:51:40.980-05:00  INFO 41496 --- [Matricula] [SpringApplicationShutdownHook] com.zaxxer.hikari.HikariDataSource       : HikariPool-1 - Shutdown initiated...
2025-05-24T18:51:40.982-05:00  INFO 41496 --- [Matricula] [SpringApplicationShutdownHook] com.zaxxer.hikari.HikariDataSource       : HikariPool-1 - Shutdown completed.
2025-05-24T19:10:03.070-05:00  INFO 73172 --- [Matricula] [main] com.matricula.MatriculaApplication       : Starting MatriculaApplication using Java 23.0.2 with PID 73172 (D:\My Drive\Isil\Ciclo IV\Proyecto Tecnologico\Proyectos\Matricula\target\classes started by jaimi in D:\My Drive\Isil\Ciclo IV\Proyecto Tecnologico\Proyectos\Matricula)
2025-05-24T19:10:03.075-05:00 DEBUG 73172 --- [Matricula] [main] com.matricula.MatriculaApplication       : Running with Spring Boot v3.4.4, Spring v6.2.5
2025-05-24T19:10:03.075-05:00  INFO 73172 --- [Matricula] [main] com.matricula.MatriculaApplication       : The following 1 profile is active: "dev"
2025-05-24T19:10:03.714-05:00  INFO 73172 --- [Matricula] [main] .s.d.r.c.RepositoryConfigurationDelegate : Bootstrapping Spring Data JPA repositories in DEFAULT mode.
2025-05-24T19:10:03.795-05:00  INFO 73172 --- [Matricula] [main] .s.d.r.c.RepositoryConfigurationDelegate : Finished Spring Data repository scanning in 72 ms. Found 2 JPA repository interfaces.
2025-05-24T19:10:04.261-05:00  INFO 73172 --- [Matricula] [main] o.s.b.w.embedded.tomcat.TomcatWebServer  : Tomcat initialized with port 8080 (http)
2025-05-24T19:10:04.274-05:00  INFO 73172 --- [Matricula] [main] o.apache.catalina.core.StandardService   : Starting service [Tomcat]
2025-05-24T19:10:04.274-05:00  INFO 73172 --- [Matricula] [main] o.apache.catalina.core.StandardEngine    : Starting Servlet engine: [Apache Tomcat/10.1.39]
2025-05-24T19:10:04.318-05:00  INFO 73172 --- [Matricula] [main] o.a.c.c.C.[Tomcat].[localhost].[/]       : Initializing Spring embedded WebApplicationContext
2025-05-24T19:10:04.319-05:00  INFO 73172 --- [Matricula] [main] w.s.c.ServletWebServerApplicationContext : Root WebApplicationContext: initialization completed in 1201 ms
2025-05-24T19:10:04.494-05:00  INFO 73172 --- [Matricula] [main] o.hibernate.jpa.internal.util.LogHelper  : HHH000204: Processing PersistenceUnitInfo [name: default]
2025-05-24T19:10:04.555-05:00  INFO 73172 --- [Matricula] [main] org.hibernate.Version                    : HHH000412: Hibernate ORM core version 6.6.11.Final
2025-05-24T19:10:04.596-05:00  INFO 73172 --- [Matricula] [main] o.h.c.internal.RegionFactoryInitiator    : HHH000026: Second-level cache disabled
2025-05-24T19:10:04.900-05:00  INFO 73172 --- [Matricula] [main] o.s.o.j.p.SpringPersistenceUnitInfo      : No LoadTimeWeaver setup: ignoring JPA class transformer
2025-05-24T19:10:04.933-05:00  INFO 73172 --- [Matricula] [main] com.zaxxer.hikari.HikariDataSource       : HikariPool-1 - Starting...
2025-05-24T19:10:05.175-05:00  INFO 73172 --- [Matricula] [main] com.zaxxer.hikari.pool.HikariPool        : HikariPool-1 - Added connection ConnectionID:1 ClientConnectionId: a6a26a82-3b62-4e63-9264-50f408e91924
2025-05-24T19:10:05.178-05:00  INFO 73172 --- [Matricula] [main] com.zaxxer.hikari.HikariDataSource       : HikariPool-1 - Start completed.
2025-05-24T19:10:05.248-05:00  INFO 73172 --- [Matricula] [main] org.hibernate.orm.connections.pooling    : HHH10001005: Database info:
	Database JDBC URL [Connecting through datasource 'HikariDataSource (HikariPool-1)']
	Database driver: undefined/unknown
	Database version: 16.0
	Autocommit mode: undefined/unknown
	Isolation level: undefined/unknown
	Minimum pool size: undefined/unknown
	Maximum pool size: undefined/unknown
2025-05-24T19:10:06.117-05:00  INFO 73172 --- [Matricula] [main] o.h.e.t.j.p.i.JtaPlatformInitiator       : HHH000489: No JTA platform available (set 'hibernate.transaction.jta.platform' to enable JTA platform integration)
2025-05-24T19:10:06.439-05:00  INFO 73172 --- [Matricula] [main] j.LocalContainerEntityManagerFactoryBean : Initialized JPA EntityManagerFactory for persistence unit 'default'
2025-05-24T19:10:06.744-05:00  WARN 73172 --- [Matricula] [main] JpaBaseConfiguration$JpaWebConfiguration : spring.jpa.open-in-view is enabled by default. Therefore, database queries may be performed during view rendering. Explicitly configure spring.jpa.open-in-view to disable this warning
2025-05-24T19:10:06.771-05:00  INFO 73172 --- [Matricula] [main] eAuthenticationProviderManagerConfigurer : Global AuthenticationManager configured with AuthenticationProvider bean with name authenticationProvider
2025-05-24T19:10:06.771-05:00  WARN 73172 --- [Matricula] [main] r$InitializeUserDetailsManagerConfigurer : Global AuthenticationManager configured with an AuthenticationProvider bean. UserDetailsService beans will not be used by Spring Security for automatically configuring username/password login. Consider removing the AuthenticationProvider bean. Alternatively, consider using the UserDetailsService in a manually instantiated DaoAuthenticationProvider. If the current configuration is intentional, to turn off this warning, increase the logging level of 'org.springframework.security.config.annotation.authentication.configuration.InitializeUserDetailsBeanManagerConfigurer' to ERROR
2025-05-24T19:10:06.990-05:00 DEBUG 73172 --- [Matricula] [main] o.s.s.web.DefaultSecurityFilterChain     : Will secure any request with filters: DisableEncodeUrlFilter, WebAsyncManagerIntegrationFilter, SecurityContextHolderFilter, HeaderWriterFilter, CsrfFilter, LogoutFilter, UsernamePasswordAuthenticationFilter, RequestCacheAwareFilter, SecurityContextHolderAwareRequestFilter, AnonymousAuthenticationFilter, ExceptionTranslationFilter, AuthorizationFilter
2025-05-24T19:10:07.215-05:00  INFO 73172 --- [Matricula] [main] o.s.b.w.embedded.tomcat.TomcatWebServer  : Tomcat started on port 8080 (http) with context path '/'
2025-05-24T19:10:07.222-05:00  INFO 73172 --- [Matricula] [main] com.matricula.MatriculaApplication       : Started MatriculaApplication in 4.579 seconds (process running for 5.051)
2025-05-24T19:10:18.425-05:00  INFO 73172 --- [Matricula] [http-nio-8080-exec-1] o.a.c.c.C.[Tomcat].[localhost].[/]       : Initializing Spring DispatcherServlet 'dispatcherServlet'
2025-05-24T19:10:18.425-05:00  INFO 73172 --- [Matricula] [http-nio-8080-exec-1] o.s.web.servlet.DispatcherServlet        : Initializing Servlet 'dispatcherServlet'
2025-05-24T19:10:18.427-05:00  INFO 73172 --- [Matricula] [http-nio-8080-exec-1] o.s.web.servlet.DispatcherServlet        : Completed initialization in 2 ms
2025-05-24T19:10:18.445-05:00 DEBUG 73172 --- [Matricula] [http-nio-8080-exec-1] o.s.security.web.FilterChainProxy        : Securing GET /
2025-05-24T19:10:18.457-05:00 DEBUG 73172 --- [Matricula] [http-nio-8080-exec-1] o.s.s.w.a.AnonymousAuthenticationFilter  : Set SecurityContextHolder to anonymous SecurityContext
2025-05-24T19:10:18.474-05:00 DEBUG 73172 --- [Matricula] [http-nio-8080-exec-1] o.s.s.w.s.HttpSessionRequestCache        : Saved request http://localhost:8080/?continue to session
2025-05-24T19:10:18.475-05:00 DEBUG 73172 --- [Matricula] [http-nio-8080-exec-1] o.s.s.web.DefaultRedirectStrategy        : Redirecting to http://localhost:8080/login
2025-05-24T19:10:18.482-05:00 DEBUG 73172 --- [Matricula] [http-nio-8080-exec-2] o.s.security.web.FilterChainProxy        : Securing GET /login
2025-05-24T19:10:18.483-05:00 DEBUG 73172 --- [Matricula] [http-nio-8080-exec-2] o.s.security.web.FilterChainProxy        : Secured GET /login
2025-05-24T19:10:18.800-05:00 DEBUG 73172 --- [Matricula] [http-nio-8080-exec-2] o.s.s.w.a.AnonymousAuthenticationFilter  : Set SecurityContextHolder to anonymous SecurityContext
2025-05-24T19:10:18.810-05:00 DEBUG 73172 --- [Matricula] [http-nio-8080-exec-3] o.s.security.web.FilterChainProxy        : Securing GET /css/style.css
2025-05-24T19:10:18.811-05:00 DEBUG 73172 --- [Matricula] [http-nio-8080-exec-3] o.s.security.web.FilterChainProxy        : Secured GET /css/style.css
2025-05-24T19:10:18.825-05:00 DEBUG 73172 --- [Matricula] [http-nio-8080-exec-3] o.s.s.w.a.AnonymousAuthenticationFilter  : Set SecurityContextHolder to anonymous SecurityContext
2025-05-24T19:10:19.968-05:00 DEBUG 73172 --- [Matricula] [http-nio-8080-exec-4] o.s.security.web.FilterChainProxy        : Securing GET /favicon.ico
2025-05-24T19:10:19.969-05:00 DEBUG 73172 --- [Matricula] [http-nio-8080-exec-4] o.s.security.web.FilterChainProxy        : Secured GET /favicon.ico
2025-05-24T19:10:19.976-05:00 DEBUG 73172 --- [Matricula] [http-nio-8080-exec-4] o.s.s.w.a.AnonymousAuthenticationFilter  : Set SecurityContextHolder to anonymous SecurityContext
2025-05-24T19:10:19.982-05:00 DEBUG 73172 --- [Matricula] [http-nio-8080-exec-4] o.s.security.web.FilterChainProxy        : Securing GET /error
2025-05-24T19:10:19.982-05:00 DEBUG 73172 --- [Matricula] [http-nio-8080-exec-4] o.s.s.w.a.AnonymousAuthenticationFilter  : Set SecurityContextHolder to anonymous SecurityContext
2025-05-24T19:10:19.984-05:00 DEBUG 73172 --- [Matricula] [http-nio-8080-exec-4] o.s.s.w.s.HttpSessionRequestCache        : Saved request http://localhost:8080/error?continue to session
2025-05-24T19:10:19.984-05:00 DEBUG 73172 --- [Matricula] [http-nio-8080-exec-4] o.s.s.web.DefaultRedirectStrategy        : Redirecting to http://localhost:8080/login
2025-05-24T19:10:19.986-05:00 DEBUG 73172 --- [Matricula] [http-nio-8080-exec-5] o.s.security.web.FilterChainProxy        : Securing GET /login
2025-05-24T19:10:19.988-05:00 DEBUG 73172 --- [Matricula] [http-nio-8080-exec-5] o.s.security.web.FilterChainProxy        : Secured GET /login
2025-05-24T19:10:19.993-05:00 DEBUG 73172 --- [Matricula] [http-nio-8080-exec-5] o.s.s.w.a.AnonymousAuthenticationFilter  : Set SecurityContextHolder to anonymous SecurityContext
2025-05-24T19:10:25.007-05:00 DEBUG 73172 --- [Matricula] [http-nio-8080-exec-6] o.s.security.web.FilterChainProxy        : Securing POST /login
2025-05-24T19:10:25.160-05:00 DEBUG 73172 --- [Matricula] [http-nio-8080-exec-6] o.s.s.a.dao.DaoAuthenticationProvider    : Authenticated user
2025-05-24T19:10:25.161-05:00 DEBUG 73172 --- [Matricula] [http-nio-8080-exec-6] .s.ChangeSessionIdAuthenticationStrategy : Changed session id from ABA22E6931F355B4B03B6C0D9B909BA2
2025-05-24T19:10:25.161-05:00 DEBUG 73172 --- [Matricula] [http-nio-8080-exec-6] o.s.s.w.csrf.CsrfAuthenticationStrategy  : Replaced CSRF Token
2025-05-24T19:10:25.162-05:00 DEBUG 73172 --- [Matricula] [http-nio-8080-exec-6] w.c.HttpSessionSecurityContextRepository : Stored SecurityContextImpl [Authentication=UsernamePasswordAuthenticationToken [Principal=org.springframework.security.core.userdetails.User [Username=admin, Password=[PROTECTED], Enabled=true, AccountNonExpired=true, CredentialsNonExpired=true, AccountNonLocked=true, Granted Authorities=[ROLE_USER]], Credentials=[PROTECTED], Authenticated=true, Details=WebAuthenticationDetails [RemoteIpAddress=0:0:0:0:0:0:0:1, SessionId=ABA22E6931F355B4B03B6C0D9B909BA2], Granted Authorities=[ROLE_USER]]] to HttpSession [org.apache.catalina.session.StandardSessionFacade@3c37aeaa]
2025-05-24T19:10:25.162-05:00 DEBUG 73172 --- [Matricula] [http-nio-8080-exec-6] w.a.UsernamePasswordAuthenticationFilter : Set SecurityContextHolder to UsernamePasswordAuthenticationToken [Principal=org.springframework.security.core.userdetails.User [Username=admin, Password=[PROTECTED], Enabled=true, AccountNonExpired=true, CredentialsNonExpired=true, AccountNonLocked=true, Granted Authorities=[ROLE_USER]], Credentials=[PROTECTED], Authenticated=true, Details=WebAuthenticationDetails [RemoteIpAddress=0:0:0:0:0:0:0:1, SessionId=ABA22E6931F355B4B03B6C0D9B909BA2], Granted Authorities=[ROLE_USER]]
2025-05-24T19:10:25.163-05:00 DEBUG 73172 --- [Matricula] [http-nio-8080-exec-6] o.s.s.web.DefaultRedirectStrategy        : Redirecting to /inicio
2025-05-24T19:10:25.166-05:00 DEBUG 73172 --- [Matricula] [http-nio-8080-exec-7] o.s.security.web.FilterChainProxy        : Securing GET /inicio
2025-05-24T19:10:25.166-05:00 DEBUG 73172 --- [Matricula] [http-nio-8080-exec-7] w.c.HttpSessionSecurityContextRepository : Retrieved SecurityContextImpl [Authentication=UsernamePasswordAuthenticationToken [Principal=org.springframework.security.core.userdetails.User [Username=admin, Password=[PROTECTED], Enabled=true, AccountNonExpired=true, CredentialsNonExpired=true, AccountNonLocked=true, Granted Authorities=[ROLE_USER]], Credentials=[PROTECTED], Authenticated=true, Details=WebAuthenticationDetails [RemoteIpAddress=0:0:0:0:0:0:0:1, SessionId=ABA22E6931F355B4B03B6C0D9B909BA2], Granted Authorities=[ROLE_USER]]]
2025-05-24T19:10:25.166-05:00 DEBUG 73172 --- [Matricula] [http-nio-8080-exec-7] o.s.security.web.FilterChainProxy        : Secured GET /inicio
2025-05-24T19:10:25.184-05:00 DEBUG 73172 --- [Matricula] [http-nio-8080-exec-8] o.s.security.web.FilterChainProxy        : Securing GET /css/style.css
2025-05-24T19:10:25.184-05:00 DEBUG 73172 --- [Matricula] [http-nio-8080-exec-9] o.s.security.web.FilterChainProxy        : Securing GET /images/alumnos.png
2025-05-24T19:10:25.184-05:00 DEBUG 73172 --- [Matricula] [http-nio-8080-exec-8] o.s.security.web.FilterChainProxy        : Secured GET /css/style.css
2025-05-24T19:10:25.184-05:00 DEBUG 73172 --- [Matricula] [http-nio-8080-exec-9] o.s.security.web.FilterChainProxy        : Secured GET /images/alumnos.png
2025-05-24T19:10:25.185-05:00 DEBUG 73172 --- [Matricula] [http-nio-8080-exec-10] o.s.security.web.FilterChainProxy        : Securing GET /images/cursos.png
2025-05-24T19:10:25.185-05:00 DEBUG 73172 --- [Matricula] [http-nio-8080-exec-1] o.s.security.web.FilterChainProxy        : Securing GET /images/docentes.png
2025-05-24T19:10:25.185-05:00 DEBUG 73172 --- [Matricula] [http-nio-8080-exec-3] o.s.security.web.FilterChainProxy        : Securing GET /images/finanzas.png
2025-05-24T19:10:25.185-05:00 DEBUG 73172 --- [Matricula] [http-nio-8080-exec-2] o.s.security.web.FilterChainProxy        : Securing GET /images/secciones.png
2025-05-24T19:10:25.185-05:00 DEBUG 73172 --- [Matricula] [http-nio-8080-exec-10] o.s.security.web.FilterChainProxy        : Secured GET /images/cursos.png
2025-05-24T19:10:25.187-05:00 DEBUG 73172 --- [Matricula] [http-nio-8080-exec-1] o.s.security.web.FilterChainProxy        : Secured GET /images/docentes.png
2025-05-24T19:10:25.187-05:00 DEBUG 73172 --- [Matricula] [http-nio-8080-exec-3] o.s.security.web.FilterChainProxy        : Secured GET /images/finanzas.png
2025-05-24T19:10:25.187-05:00 DEBUG 73172 --- [Matricula] [http-nio-8080-exec-2] o.s.security.web.FilterChainProxy        : Secured GET /images/secciones.png
2025-05-24T19:10:25.207-05:00 DEBUG 73172 --- [Matricula] [http-nio-8080-exec-8] w.c.HttpSessionSecurityContextRepository : Retrieved SecurityContextImpl [Authentication=UsernamePasswordAuthenticationToken [Principal=org.springframework.security.core.userdetails.User [Username=admin, Password=[PROTECTED], Enabled=true, AccountNonExpired=true, CredentialsNonExpired=true, AccountNonLocked=true, Granted Authorities=[ROLE_USER]], Credentials=[PROTECTED], Authenticated=true, Details=WebAuthenticationDetails [RemoteIpAddress=0:0:0:0:0:0:0:1, SessionId=ABA22E6931F355B4B03B6C0D9B909BA2], Granted Authorities=[ROLE_USER]]]
2025-05-24T19:10:25.208-05:00 DEBUG 73172 --- [Matricula] [http-nio-8080-exec-9] w.c.HttpSessionSecurityContextRepository : Retrieved SecurityContextImpl [Authentication=UsernamePasswordAuthenticationToken [Principal=org.springframework.security.core.userdetails.User [Username=admin, Password=[PROTECTED], Enabled=true, AccountNonExpired=true, CredentialsNonExpired=true, AccountNonLocked=true, Granted Authorities=[ROLE_USER]], Credentials=[PROTECTED], Authenticated=true, Details=WebAuthenticationDetails [RemoteIpAddress=0:0:0:0:0:0:0:1, SessionId=ABA22E6931F355B4B03B6C0D9B909BA2], Granted Authorities=[ROLE_USER]]]
2025-05-24T19:10:25.208-05:00 DEBUG 73172 --- [Matricula] [http-nio-8080-exec-10] w.c.HttpSessionSecurityContextRepository : Retrieved SecurityContextImpl [Authentication=UsernamePasswordAuthenticationToken [Principal=org.springframework.security.core.userdetails.User [Username=admin, Password=[PROTECTED], Enabled=true, AccountNonExpired=true, CredentialsNonExpired=true, AccountNonLocked=true, Granted Authorities=[ROLE_USER]], Credentials=[PROTECTED], Authenticated=true, Details=WebAuthenticationDetails [RemoteIpAddress=0:0:0:0:0:0:0:1, SessionId=ABA22E6931F355B4B03B6C0D9B909BA2], Granted Authorities=[ROLE_USER]]]
2025-05-24T19:10:25.208-05:00 DEBUG 73172 --- [Matricula] [http-nio-8080-exec-3] w.c.HttpSessionSecurityContextRepository : Retrieved SecurityContextImpl [Authentication=UsernamePasswordAuthenticationToken [Principal=org.springframework.security.core.userdetails.User [Username=admin, Password=[PROTECTED], Enabled=true, AccountNonExpired=true, CredentialsNonExpired=true, AccountNonLocked=true, Granted Authorities=[ROLE_USER]], Credentials=[PROTECTED], Authenticated=true, Details=WebAuthenticationDetails [RemoteIpAddress=0:0:0:0:0:0:0:1, SessionId=ABA22E6931F355B4B03B6C0D9B909BA2], Granted Authorities=[ROLE_USER]]]
2025-05-24T19:10:25.208-05:00 DEBUG 73172 --- [Matricula] [http-nio-8080-exec-1] w.c.HttpSessionSecurityContextRepository : Retrieved SecurityContextImpl [Authentication=UsernamePasswordAuthenticationToken [Principal=org.springframework.security.core.userdetails.User [Username=admin, Password=[PROTECTED], Enabled=true, AccountNonExpired=true, CredentialsNonExpired=true, AccountNonLocked=true, Granted Authorities=[ROLE_USER]], Credentials=[PROTECTED], Authenticated=true, Details=WebAuthenticationDetails [RemoteIpAddress=0:0:0:0:0:0:0:1, SessionId=ABA22E6931F355B4B03B6C0D9B909BA2], Granted Authorities=[ROLE_USER]]]
2025-05-24T19:10:25.208-05:00 DEBUG 73172 --- [Matricula] [http-nio-8080-exec-2] w.c.HttpSessionSecurityContextRepository : Retrieved SecurityContextImpl [Authentication=UsernamePasswordAuthenticationToken [Principal=org.springframework.security.core.userdetails.User [Username=admin, Password=[PROTECTED], Enabled=true, AccountNonExpired=true, CredentialsNonExpired=true, AccountNonLocked=true, Granted Authorities=[ROLE_USER]], Credentials=[PROTECTED], Authenticated=true, Details=WebAuthenticationDetails [RemoteIpAddress=0:0:0:0:0:0:0:1, SessionId=ABA22E6931F355B4B03B6C0D9B909BA2], Granted Authorities=[ROLE_USER]]]
2025-05-24T19:10:25.208-05:00 DEBUG 73172 --- [Matricula] [http-nio-8080-exec-8] o.s.security.web.FilterChainProxy        : Securing GET /images/reportes.png
2025-05-24T19:10:25.208-05:00 DEBUG 73172 --- [Matricula] [http-nio-8080-exec-8] o.s.security.web.FilterChainProxy        : Secured GET /images/reportes.png
2025-05-24T19:10:25.209-05:00 DEBUG 73172 --- [Matricula] [http-nio-8080-exec-5] o.s.security.web.FilterChainProxy        : Securing GET /images/exit.png
2025-05-24T19:10:25.209-05:00 DEBUG 73172 --- [Matricula] [http-nio-8080-exec-2] o.s.security.web.FilterChainProxy        : Securing GET /images/configuracion.png
2025-05-24T19:10:25.209-05:00 DEBUG 73172 --- [Matricula] [http-nio-8080-exec-5] o.s.security.web.FilterChainProxy        : Secured GET /images/exit.png
2025-05-24T19:10:25.209-05:00 DEBUG 73172 --- [Matricula] [http-nio-8080-exec-2] o.s.security.web.FilterChainProxy        : Secured GET /images/configuracion.png
2025-05-24T19:10:25.220-05:00 DEBUG 73172 --- [Matricula] [http-nio-8080-exec-5] w.c.HttpSessionSecurityContextRepository : Retrieved SecurityContextImpl [Authentication=UsernamePasswordAuthenticationToken [Principal=org.springframework.security.core.userdetails.User [Username=admin, Password=[PROTECTED], Enabled=true, AccountNonExpired=true, CredentialsNonExpired=true, AccountNonLocked=true, Granted Authorities=[ROLE_USER]], Credentials=[PROTECTED], Authenticated=true, Details=WebAuthenticationDetails [RemoteIpAddress=0:0:0:0:0:0:0:1, SessionId=ABA22E6931F355B4B03B6C0D9B909BA2], Granted Authorities=[ROLE_USER]]]
2025-05-24T19:10:25.220-05:00 DEBUG 73172 --- [Matricula] [http-nio-8080-exec-8] w.c.HttpSessionSecurityContextRepository : Retrieved SecurityContextImpl [Authentication=UsernamePasswordAuthenticationToken [Principal=org.springframework.security.core.userdetails.User [Username=admin, Password=[PROTECTED], Enabled=true, AccountNonExpired=true, CredentialsNonExpired=true, AccountNonLocked=true, Granted Authorities=[ROLE_USER]], Credentials=[PROTECTED], Authenticated=true, Details=WebAuthenticationDetails [RemoteIpAddress=0:0:0:0:0:0:0:1, SessionId=ABA22E6931F355B4B03B6C0D9B909BA2], Granted Authorities=[ROLE_USER]]]
2025-05-24T19:10:25.220-05:00 DEBUG 73172 --- [Matricula] [http-nio-8080-exec-2] w.c.HttpSessionSecurityContextRepository : Retrieved SecurityContextImpl [Authentication=UsernamePasswordAuthenticationToken [Principal=org.springframework.security.core.userdetails.User [Username=admin, Password=[PROTECTED], Enabled=true, AccountNonExpired=true, CredentialsNonExpired=true, AccountNonLocked=true, Granted Authorities=[ROLE_USER]], Credentials=[PROTECTED], Authenticated=true, Details=WebAuthenticationDetails [RemoteIpAddress=0:0:0:0:0:0:0:1, SessionId=ABA22E6931F355B4B03B6C0D9B909BA2], Granted Authorities=[ROLE_USER]]]
2025-05-24T19:10:25.281-05:00 DEBUG 73172 --- [Matricula] [http-nio-8080-exec-6] o.s.security.web.FilterChainProxy        : Securing GET /favicon.ico
2025-05-24T19:10:25.282-05:00 DEBUG 73172 --- [Matricula] [http-nio-8080-exec-6] o.s.security.web.FilterChainProxy        : Secured GET /favicon.ico
2025-05-24T19:10:25.286-05:00 DEBUG 73172 --- [Matricula] [http-nio-8080-exec-6] w.c.HttpSessionSecurityContextRepository : Retrieved SecurityContextImpl [Authentication=UsernamePasswordAuthenticationToken [Principal=org.springframework.security.core.userdetails.User [Username=admin, Password=[PROTECTED], Enabled=true, AccountNonExpired=true, CredentialsNonExpired=true, AccountNonLocked=true, Granted Authorities=[ROLE_USER]], Credentials=[PROTECTED], Authenticated=true, Details=WebAuthenticationDetails [RemoteIpAddress=0:0:0:0:0:0:0:1, SessionId=ABA22E6931F355B4B03B6C0D9B909BA2], Granted Authorities=[ROLE_USER]]]
2025-05-24T19:10:25.287-05:00 DEBUG 73172 --- [Matricula] [http-nio-8080-exec-6] o.s.security.web.FilterChainProxy        : Securing GET /error
2025-05-24T19:10:25.288-05:00 DEBUG 73172 --- [Matricula] [http-nio-8080-exec-6] w.c.HttpSessionSecurityContextRepository : Retrieved SecurityContextImpl [Authentication=UsernamePasswordAuthenticationToken [Principal=org.springframework.security.core.userdetails.User [Username=admin, Password=[PROTECTED], Enabled=true, AccountNonExpired=true, CredentialsNonExpired=true, AccountNonLocked=true, Granted Authorities=[ROLE_USER]], Credentials=[PROTECTED], Authenticated=true, Details=WebAuthenticationDetails [RemoteIpAddress=0:0:0:0:0:0:0:1, SessionId=ABA22E6931F355B4B03B6C0D9B909BA2], Granted Authorities=[ROLE_USER]]]
2025-05-24T19:10:25.288-05:00 DEBUG 73172 --- [Matricula] [http-nio-8080-exec-6] o.s.security.web.FilterChainProxy        : Secured GET /error
2025-05-24T19:10:31.581-05:00 DEBUG 73172 --- [Matricula] [http-nio-8080-exec-7] o.s.security.web.FilterChainProxy        : Securing GET /logout
2025-05-24T19:10:31.582-05:00 DEBUG 73172 --- [Matricula] [http-nio-8080-exec-7] w.c.HttpSessionSecurityContextRepository : Retrieved SecurityContextImpl [Authentication=UsernamePasswordAuthenticationToken [Principal=org.springframework.security.core.userdetails.User [Username=admin, Password=[PROTECTED], Enabled=true, AccountNonExpired=true, CredentialsNonExpired=true, AccountNonLocked=true, Granted Authorities=[ROLE_USER]], Credentials=[PROTECTED], Authenticated=true, Details=WebAuthenticationDetails [RemoteIpAddress=0:0:0:0:0:0:0:1, SessionId=ABA22E6931F355B4B03B6C0D9B909BA2], Granted Authorities=[ROLE_USER]]]
2025-05-24T19:10:31.582-05:00 DEBUG 73172 --- [Matricula] [http-nio-8080-exec-7] o.s.security.web.FilterChainProxy        : Secured GET /logout
2025-05-24T19:10:31.588-05:00 DEBUG 73172 --- [Matricula] [http-nio-8080-exec-9] o.s.security.web.FilterChainProxy        : Securing GET /login
2025-05-24T19:10:31.589-05:00 DEBUG 73172 --- [Matricula] [http-nio-8080-exec-9] o.s.security.web.FilterChainProxy        : Secured GET /login
2025-05-24T19:10:31.591-05:00 DEBUG 73172 --- [Matricula] [http-nio-8080-exec-9] o.s.s.w.a.AnonymousAuthenticationFilter  : Set SecurityContextHolder to anonymous SecurityContext
2025-05-24T19:10:31.599-05:00 DEBUG 73172 --- [Matricula] [http-nio-8080-exec-10] o.s.security.web.FilterChainProxy        : Securing GET /css/style.css
2025-05-24T19:10:31.600-05:00 DEBUG 73172 --- [Matricula] [http-nio-8080-exec-10] o.s.security.web.FilterChainProxy        : Secured GET /css/style.css
2025-05-24T19:10:31.606-05:00 DEBUG 73172 --- [Matricula] [http-nio-8080-exec-10] o.s.s.w.a.AnonymousAuthenticationFilter  : Set SecurityContextHolder to anonymous SecurityContext
2025-05-24T19:13:24.059-05:00  INFO 73172 --- [Matricula] [SpringApplicationShutdownHook] o.s.b.w.e.tomcat.GracefulShutdown        : Commencing graceful shutdown. Waiting for active requests to complete
2025-05-24T19:13:24.065-05:00  INFO 73172 --- [Matricula] [tomcat-shutdown] o.s.b.w.e.tomcat.GracefulShutdown        : Graceful shutdown complete
2025-05-24T19:13:24.067-05:00  INFO 73172 --- [Matricula] [SpringApplicationShutdownHook] j.LocalContainerEntityManagerFactoryBean : Closing JPA EntityManagerFactory for persistence unit 'default'
2025-05-24T19:13:24.069-05:00  INFO 73172 --- [Matricula] [SpringApplicationShutdownHook] com.zaxxer.hikari.HikariDataSource       : HikariPool-1 - Shutdown initiated...
2025-05-24T19:13:24.071-05:00  INFO 73172 --- [Matricula] [SpringApplicationShutdownHook] com.zaxxer.hikari.HikariDataSource       : HikariPool-1 - Shutdown completed.
